"","X","idno","agea","gndr","hinctnta","hlthhmp","medtrun","fltsd","cldgng","fltdpr","slprl","cgtsmok","alcfreq","dosprt","ctrlife"
"1",1,50095,15,2,88,3,1,1,2,1,2,6,7,0,7
"2",2,50097,66,2,6,2,2,2,2,1,2,5,6,7,8
"3",3,50109,88,2,3,2,1,2,1,2,1,6,7,3,7
"4",4,50116,62,1,4,3,2,1,1,1,2,4,3,2,5
"5",5,50117,56,2,77,3,1,2,2,3,2,1,6,5,2
"6",6,50141,70,2,2,3,2,1,1,1,1,3,7,4,9
"7",7,50157,90,1,5,3,2,1,1,1,2,4,3,0,8
"8",8,50170,63,2,9,2,1,1,1,1,2,6,2,0,8
"9",9,50178,33,2,77,3,2,2,2,1,2,3,4,3,10
"10",10,50179,41,2,4,2,1,2,2,2,3,4,1,0,6
"11",11,50201,84,1,77,1,1,3,2,4,4,6,2,0,1
"12",12,50205,50,1,9,3,2,2,1,3,1,4,2,1,4
"13",13,50230,38,1,4,3,2,2,1,2,2,4,3,2,8
"14",14,50250,67,1,9,3,2,1,1,1,2,6,2,7,8
"15",16,50319,30,1,9,3,2,2,1,1,2,5,5,5,9
"16",17,50342,50,2,2,3,2,2,1,1,1,4,2,5,9
"17",18,50373,52,1,2,3,2,1,1,1,2,3,6,7,10
"18",20,50400,55,2,2,2,1,2,2,1,3,4,4,4,9
"19",21,50401,64,1,7,3,2,1,1,1,1,6,7,2,5
"20",22,50416,57,1,10,3,2,1,1,1,2,1,5,0,10
"21",24,50462,69,2,6,1,2,1,2,1,2,6,3,0,8
"23",27,50478,74,1,77,2,2,2,1,2,3,6,3,7,10
"24",28,50502,26,2,77,1,1,4,4,3,3,2,6,1,3
"25",29,50521,23,1,1,2,2,2,2,2,3,6,7,7,6
"26",30,50527,33,1,8,3,1,2,2,2,2,6,4,1,3
"27",31,50538,21,1,88,3,2,1,1,1,1,6,4,1,7
"28",32,50571,52,2,5,3,1,2,1,1,1,6,3,3,7
"29",33,50575,21,1,88,2,8,1,2,2,3,6,5,3,8
"30",34,50599,31,2,77,2,2,1,2,2,2,6,5,7,10
"31",35,50646,35,2,8,2,2,2,1,1,2,6,6,2,5
"32",36,50674,58,1,77,3,2,2,2,1,2,6,7,7,10
"33",37,50675,61,2,2,2,2,2,2,2,3,4,7,3,6
"34",38,50708,29,2,3,3,2,1,1,2,4,6,7,7,10
"35",39,50753,50,1,77,3,2,1,2,1,1,6,4,5,7
"36",40,50808,77,1,10,3,1,2,2,1,1,6,1,7,7
"37",41,50822,66,1,2,3,2,4,2,1,4,6,7,7,7
"38",42,50845,66,1,7,3,2,1,1,1,2,6,7,7,6
"39",43,50920,46,1,2,2,2,4,2,4,4,1,5,4,6
"41",45,50992,48,2,9,3,1,1,1,1,1,6,6,2,8
"42",47,51083,43,1,10,2,1,2,1,1,2,6,2,7,7
"43",48,51284,60,1,2,2,2,1,1,1,1,6,7,7,8
"44",49,51295,18,2,77,3,2,1,1,1,1,6,3,1,7
"45",50,51306,22,1,1,3,1,2,2,1,1,6,7,4,5
"46",51,51331,46,2,10,2,2,2,2,2,1,6,2,3,8
"47",52,51343,30,2,9,1,1,2,2,1,2,6,6,2,7
"48",53,51346,55,2,6,3,2,2,1,1,2,4,1,7,7
"49",54,51446,41,2,77,1,2,3,4,4,3,6,7,1,3
"50",55,51459,59,1,7,3,1,1,1,1,2,5,4,3,8
"51",56,51474,50,2,9,3,1,1,2,1,2,6,2,4,9
"52",57,51475,82,2,77,1,2,2,2,1,2,6,6,0,9
"53",58,51485,33,1,77,3,2,1,1,1,3,6,5,7,9
"54",59,51488,46,2,8,3,2,1,1,1,4,6,6,3,8
"55",60,51491,33,2,5,3,2,1,1,1,1,6,7,5,7
"56",61,51511,60,1,3,3,2,1,1,1,1,2,6,2,8
"57",62,51528,78,2,1,3,2,1,1,1,3,4,5,0,8
"58",63,51539,76,2,3,3,2,2,2,1,3,6,2,7,7
"59",64,51550,63,1,8,2,2,1,2,1,2,4,7,0,10
"60",65,51563,63,2,8,2,1,2,1,1,3,6,4,3,10
"61",66,51583,36,1,8,2,2,1,1,2,2,4,7,2,4
"62",67,51614,32,1,88,2,2,2,3,2,3,6,4,5,6
"63",68,51631,22,1,88,3,2,1,1,1,1,6,7,4,7
"64",69,51638,41,2,10,3,2,1,1,1,1,5,2,4,9
"65",70,51651,68,1,1,2,1,1,1,1,1,2,7,7,10
"66",71,51675,42,2,1,1,2,2,2,2,3,1,7,2,8
"67",72,51681,36,2,7,3,1,1,2,1,1,6,4,6,6
"68",73,51686,41,1,10,2,1,2,1,4,2,6,6,4,6
"69",74,51694,60,1,1,2,2,1,1,1,2,3,4,7,8
"70",75,51783,66,2,88,2,1,2,2,2,4,4,3,7,10
"71",76,51805,38,2,3,1,2,3,3,4,4,3,6,0,3
"72",77,51818,54,2,5,3,2,1,1,1,2,6,2,5,9
"73",78,51826,26,1,4,3,2,1,1,1,1,1,3,0,5
"74",79,51853,23,2,77,3,2,1,2,1,1,5,3,4,7
"75",80,51856,28,2,88,3,2,1,1,1,1,6,7,1,8
"76",82,51886,79,1,77,2,1,1,1,1,2,6,1,1,9
"77",83,51920,71,2,2,2,1,2,2,2,3,3,7,0,3
"78",84,51935,79,2,6,3,1,1,2,1,4,4,7,7,6
"79",85,51966,55,1,2,1,8,4,4,4,4,4,3,0,0
"80",86,51969,33,2,8,3,2,2,1,1,3,6,6,4,6
"81",87,52025,62,1,77,2,1,1,1,1,1,6,6,7,7
"82",88,52072,60,2,5,2,2,2,2,1,4,4,3,7,8
"83",89,52090,22,2,7,3,2,1,1,1,2,6,7,6,5
"84",90,52122,57,1,9,3,2,1,1,1,1,6,2,3,4
"85",91,52155,64,2,3,3,2,2,1,1,2,6,2,3,8
"86",92,52160,79,1,5,3,2,1,1,1,1,6,1,1,5
"87",93,52189,77,1,8,3,2,4,1,1,2,6,4,7,8
"88",94,52225,49,2,6,1,2,2,2,3,3,2,3,3,7
"89",95,52231,51,1,8,3,2,1,2,1,2,5,2,1,8
"90",96,52244,70,2,4,3,2,2,2,1,2,4,7,1,6
"91",97,52263,33,2,3,3,1,1,2,1,1,6,7,0,10
"92",98,52277,71,1,9,1,2,1,1,4,2,6,6,0,3
"93",99,52324,53,2,2,3,2,1,1,1,2,4,3,7,7
"94",100,52371,87,1,1,3,2,1,1,1,3,6,5,1,6
"95",101,52383,62,2,77,1,1,2,2,2,4,2,3,0,8
"96",102,52387,34,1,7,3,2,1,1,1,1,6,4,5,8
"97",103,52388,37,2,2,3,2,2,2,2,2,6,7,4,7
"98",104,52406,88,1,2,3,2,1,1,1,1,6,2,0,10
"99",105,52412,21,1,88,3,1,2,1,2,4,5,3,7,9
"100",106,52421,84,2,77,3,2,2,3,1,2,5,6,0,2
"101",107,52432,59,1,5,3,2,1,1,1,1,6,4,3,7
"102",108,52439,49,1,4,3,1,1,1,1,2,6,7,7,7
"103",109,52444,31,1,77,3,1,1,2,1,1,4,3,2,8
"104",110,52448,52,1,9,7,1,2,1,2,2,5,2,1,7
"105",111,52508,32,1,10,3,2,2,2,1,2,5,2,5,9
"106",112,52561,84,2,1,3,2,2,1,2,2,6,7,7,6
"107",113,52584,31,2,5,3,2,2,2,1,2,4,6,3,8
"108",114,52595,77,1,7,2,2,2,2,1,3,4,2,2,8
"109",115,52622,34,2,5,2,1,2,2,2,3,4,7,7,8
"110",116,52650,43,2,8,3,2,1,1,1,1,4,3,7,10
"111",117,52665,40,1,9,3,1,1,3,1,3,5,3,7,8
"112",118,52667,61,1,9,3,1,2,2,1,2,6,7,0,7
"113",119,52728,26,1,9,3,2,1,1,1,3,1,3,7,7
"114",120,52761,42,2,77,3,2,1,1,1,1,6,7,7,10
"115",121,52773,68,1,4,3,2,2,1,1,2,6,7,2,8
"117",123,52813,64,1,6,3,2,2,1,1,1,6,1,7,7
"118",124,52848,23,1,1,3,2,1,1,1,2,6,7,7,9
"119",125,52870,44,1,4,3,2,2,1,1,1,6,7,5,9
"120",127,52921,32,1,6,3,2,3,1,2,1,6,2,0,5
"121",128,52928,78,2,77,1,2,4,4,4,4,5,5,0,7
"122",129,52942,70,1,77,3,2,1,1,1,1,6,7,0,7
"123",130,52956,82,2,4,2,1,1,1,1,2,3,3,7,8
"124",131,52963,72,2,1,3,2,1,1,1,1,6,6,7,8
"125",132,53032,61,2,8,3,2,1,1,1,2,6,2,4,9
"126",133,53055,74,1,4,3,2,1,1,1,1,3,7,7,6
"127",134,53074,68,1,6,2,2,1,1,1,2,4,2,1,9
"128",135,53086,52,2,88,1,2,4,4,3,1,4,7,2,10
"129",136,53105,53,1,77,3,2,1,1,1,2,4,4,2,9
"130",137,53115,19,2,88,1,2,2,1,2,2,6,4,4,6
"131",138,53124,38,2,3,1,2,1,1,1,2,1,6,7,8
"132",139,53239,57,2,3,1,1,4,4,4,4,1,7,0,0
"133",140,53241,75,2,88,2,2,1,1,1,1,6,4,0,7
"134",141,53274,61,1,1,1,1,2,3,2,2,6,2,7,4
"135",142,53289,26,1,77,3,2,1,1,2,2,6,7,0,8
"136",143,53290,39,1,8,3,2,2,2,2,1,1,5,3,4
"137",144,53296,58,2,77,3,2,2,1,1,2,6,2,7,8
"138",145,53334,42,2,77,3,2,2,1,2,2,6,7,3,8
"139",146,53343,16,2,10,2,1,2,2,2,2,6,7,4,6
"140",147,53352,55,2,10,3,1,1,1,1,2,5,2,5,5
"141",148,53355,63,1,8,3,2,1,1,1,3,4,2,7,6
"142",149,53389,48,2,1,2,2,1,2,2,2,5,2,5,8
"143",150,53408,53,2,2,1,1,1,2,2,4,4,7,0,7
"144",151,53414,61,1,5,3,2,1,1,1,3,4,7,7,5
"145",152,53459,46,2,7,3,2,1,1,2,4,4,4,2,7
"146",153,53511,24,2,6,2,2,1,1,2,1,6,7,7,5
"147",154,53576,40,1,10,3,2,1,1,1,1,6,3,4,9
"148",155,53579,88,1,1,2,2,2,2,2,2,1,2,0,8
"149",156,53590,17,2,88,3,2,2,1,1,1,6,6,3,8
"150",157,53596,48,1,5,3,2,1,1,1,1,1,2,7,6
"151",158,53598,80,1,77,3,2,1,1,1,1,4,7,4,2
"152",159,53605,39,1,7,3,2,1,1,1,2,4,3,7,7
"153",160,53661,31,1,10,3,2,1,2,1,1,1,2,4,6
"154",161,53666,51,2,3,1,1,2,4,2,4,4,7,1,3
"155",162,53672,78,1,88,2,2,1,2,2,2,5,7,3,6
"156",163,53761,67,2,77,3,2,4,1,1,1,6,7,2,7
"157",164,53771,64,2,9,3,2,1,1,1,1,6,3,7,9
"158",165,53777,37,2,88,2,1,2,4,3,3,1,7,0,7
"159",166,53795,48,1,77,3,2,1,1,1,1,6,7,4,10
"160",167,53800,57,2,2,3,2,1,2,1,2,1,6,7,3
"161",168,53823,46,2,77,2,2,2,2,3,3,5,3,2,8
"162",169,53829,88,1,2,1,2,1,1,2,1,6,3,7,9
"163",170,53850,36,1,7,3,2,1,1,1,1,4,7,7,8
"164",171,53881,34,1,5,3,2,2,2,2,1,6,3,4,6
"165",172,54000,41,2,77,3,2,2,1,2,2,6,7,3,6
"166",173,54032,61,2,4,3,2,1,1,1,3,6,3,1,10
"167",174,54051,58,1,9,3,2,1,1,1,1,4,2,3,8
"168",175,54097,39,2,9,3,1,1,1,1,2,5,2,7,8
"169",176,54101,29,1,4,3,2,1,2,1,2,6,6,7,2
"170",177,54113,26,2,3,2,1,2,2,2,4,4,2,5,6
"171",178,54150,40,1,6,3,2,2,1,1,3,6,5,7,8
"172",179,54166,62,2,77,3,2,2,1,2,1,6,3,0,4
"173",180,54176,46,2,9,2,1,2,1,1,2,6,2,7,7
"174",181,54177,34,2,9,8,2,2,1,1,2,6,2,5,7
"175",182,54181,32,1,77,3,1,2,2,2,1,6,7,7,7
"176",183,54229,43,2,9,2,1,2,2,1,4,4,2,5,2
"177",184,54258,22,2,5,3,2,1,2,1,2,6,5,5,7
"178",185,54280,52,1,3,3,2,1,1,1,3,2,2,1,9
"179",186,54295,45,2,77,3,1,1,1,2,4,1,3,0,8
"180",187,54299,27,2,5,3,1,2,2,2,2,6,6,4,5
"181",188,54306,77,1,88,3,2,2,1,2,2,6,1,7,4
"182",189,54311,68,2,4,2,2,2,2,1,4,4,1,7,8
"183",190,54327,22,2,10,3,2,1,1,1,1,6,4,5,8
"184",191,54392,30,1,4,3,2,1,1,1,1,4,3,2,7
"185",192,54400,75,1,3,2,2,2,1,1,2,5,6,6,8
"186",194,54446,57,1,77,3,2,1,1,1,1,6,7,0,10
"187",195,54453,60,1,10,3,2,1,1,1,2,6,2,3,7
"188",196,54487,30,1,8,3,2,1,1,1,1,2,3,3,5
"189",197,54527,56,2,2,1,2,4,4,4,4,2,4,0,7
"190",198,54531,49,1,8,3,2,1,3,1,1,5,6,0,8
"191",199,54537,82,2,6,3,2,1,1,1,1,4,3,7,3
"192",200,54549,26,2,6,3,2,1,1,1,1,6,7,7,7
"193",201,54577,35,2,2,2,2,1,2,4,4,4,7,2,7
"194",202,54587,17,1,88,3,2,2,1,1,1,5,6,5,6
"195",203,54616,39,2,77,3,2,1,1,1,1,6,2,7,10
"196",204,54628,68,2,6,3,2,1,1,1,1,6,3,3,9
"197",205,54655,51,2,2,3,2,2,2,1,2,6,7,2,10
"198",206,54661,65,2,4,2,2,2,2,2,2,6,2,2,7
"199",207,54662,71,1,4,1,2,2,2,2,2,4,2,0,4
"200",208,54705,48,1,10,3,2,2,2,2,2,2,2,0,6
"201",209,54753,26,2,7,1,1,2,2,2,4,4,6,7,6
"202",210,54784,70,1,1,3,2,1,1,1,2,6,7,7,7
"203",211,54798,72,2,4,3,1,2,2,1,1,6,2,5,9
"204",212,54847,34,2,77,3,2,2,1,1,4,6,4,1,3
"205",213,54863,20,2,88,3,2,1,1,1,1,6,3,1,7
"206",214,54872,74,1,2,3,2,1,2,1,1,1,6,7,9
"207",215,54989,66,2,77,3,2,1,1,1,2,6,4,0,7
"208",216,55054,38,2,77,2,1,2,2,2,2,4,3,0,7
"209",217,55082,47,1,77,3,2,1,1,1,3,6,2,5,7
"210",218,55089,59,2,5,3,1,1,1,1,4,6,7,7,9
"211",219,55105,54,1,10,3,2,1,1,1,1,4,3,4,8
"212",220,55116,30,2,88,3,1,2,1,2,4,2,2,7,9
"213",221,55122,76,1,4,2,2,4,4,3,2,6,7,0,9
"214",222,55130,42,2,10,2,2,1,1,1,2,6,2,7,5
"215",223,55147,32,1,10,3,2,2,2,2,3,5,4,7,7
"216",224,55198,90,2,77,1,1,2,2,1,2,6,7,0,5
"217",225,55220,67,1,7,3,2,2,1,1,2,6,2,0,7
"218",226,55282,31,2,8,3,2,1,2,4,3,6,7,3,8
"219",227,55315,25,1,4,3,2,2,1,1,3,2,3,2,10
"220",228,55333,36,2,4,3,1,1,1,1,1,4,5,3,9
"221",229,55339,64,2,4,1,2,1,4,2,4,1,7,3,6
"222",230,55347,80,1,4,1,2,1,3,1,2,4,7,0,3
"223",231,55351,46,2,77,3,2,1,1,1,1,6,2,6,10
"224",232,55377,61,2,8,3,2,1,2,1,2,4,5,7,10
"225",234,55396,38,2,7,3,2,1,1,1,1,6,7,7,6
"226",235,55426,57,1,2,2,2,2,2,2,2,3,2,1,7
"227",236,55444,80,1,77,3,2,2,1,1,1,6,3,3,10
"228",237,55450,39,2,9,3,1,2,1,1,1,6,6,7,9
"229",239,55539,70,2,2,2,1,2,2,2,2,6,7,0,8
"230",240,55652,38,2,88,3,2,1,1,1,1,6,7,7,5
"231",241,55677,76,1,5,2,2,1,1,1,1,4,1,0,8
"232",242,55694,67,2,6,3,2,1,3,2,4,6,3,0,8
"233",243,55717,28,2,77,3,2,1,2,1,2,6,3,5,9
"234",244,55730,35,2,10,3,2,2,1,1,2,2,3,0,7
"235",245,55733,67,1,88,3,2,1,1,1,1,4,5,7,9
"236",246,55749,58,2,9,2,1,2,2,2,2,4,4,7,8
"237",247,55780,47,1,7,3,2,1,1,1,1,5,5,7,7
"238",248,55803,35,2,1,3,2,1,1,1,2,4,7,7,9
"239",249,55809,26,2,7,3,2,2,1,1,2,6,2,2,8
"240",250,55827,81,1,3,3,2,1,1,1,1,2,3,0,10
"241",251,55834,84,1,88,2,1,1,1,1,3,6,6,0,7
"242",252,55868,42,2,3,3,1,1,3,2,1,5,6,7,8
"243",253,55870,34,2,10,3,1,2,1,1,1,6,2,5,7
"244",254,55906,82,2,77,3,2,2,2,1,1,4,1,0,4
"245",255,55935,38,2,5,3,1,2,2,2,2,3,7,0,5
"246",256,55942,84,1,6,2,1,1,2,1,1,4,1,0,8
"247",257,55949,31,1,3,3,2,2,1,2,2,6,5,7,5
"248",258,55958,77,1,88,1,2,2,4,1,4,2,1,0,7
"249",259,55978,48,2,5,3,1,2,2,2,3,6,7,4,7
"250",260,56008,71,2,1,2,1,2,1,1,2,6,6,3,8
"251",261,56022,74,1,4,3,1,1,1,1,2,4,7,4,8
"252",262,56065,49,1,77,3,1,3,3,3,3,6,7,7,5
"253",263,56084,70,1,6,3,2,3,1,1,1,6,1,1,8
"254",264,56089,34,1,88,3,2,1,2,1,2,6,3,3,2
"255",265,56102,70,2,6,3,2,2,1,1,3,6,3,7,8
"256",266,56119,44,1,7,3,1,1,1,1,2,2,4,1,9
"257",267,56135,35,2,9,3,2,1,1,1,2,4,3,7,9
"258",268,56150,32,1,10,3,2,1,1,1,2,5,3,6,7
"259",269,56168,59,1,9,3,1,2,2,2,3,6,5,0,9
"260",270,56177,17,1,2,3,1,1,1,1,1,6,7,1,7
"261",271,56246,61,2,4,1,2,2,2,2,4,4,2,0,8
"262",272,56294,58,1,10,2,2,2,1,1,1,6,2,4,9
"263",273,56313,67,2,3,3,2,2,1,1,1,4,3,3,8
"264",274,56334,66,2,9,3,1,1,1,1,2,4,2,1,8
"265",275,56338,45,1,2,1,2,2,3,3,3,1,7,0,3
"266",276,56346,73,1,2,2,1,2,2,1,4,4,1,1,6
"267",277,56348,38,1,8,3,2,1,1,1,1,6,7,7,7
"268",278,56353,30,1,5,3,2,1,2,1,3,6,3,2,7
"269",279,56357,37,2,10,3,2,1,1,1,1,6,2,2,7
"270",280,56391,36,1,6,2,1,4,3,1,4,1,2,1,8
"271",281,56464,50,1,77,3,2,2,1,1,2,6,2,0,8
"272",282,56482,67,1,3,3,2,1,1,1,4,6,1,4,7
"273",283,56488,54,1,2,3,2,2,2,2,2,1,2,5,8
"274",284,56529,88,2,88,2,2,2,2,3,3,5,6,0,8
"275",285,56586,44,1,4,3,2,2,1,2,1,1,6,1,6
"276",286,56589,28,1,10,3,2,1,1,1,1,5,3,5,10
"277",287,56670,77,2,4,3,2,2,2,1,1,5,4,4,8
"278",288,56675,40,1,77,3,2,1,1,1,1,6,4,6,7
"279",289,56702,43,1,8,3,2,1,1,1,2,1,1,7,6
"280",290,56704,52,2,1,3,2,1,2,1,4,6,3,1,3
"281",291,56706,78,1,4,3,2,2,2,2,3,6,7,7,10
"282",292,56719,74,2,1,2,1,2,2,2,3,6,6,3,8
"283",293,56782,62,2,77,2,1,2,3,2,2,2,7,0,2
"284",294,56839,64,2,2,3,2,3,1,4,1,6,2,7,8
"285",295,56863,50,2,10,3,2,1,1,1,2,6,4,7,7
"286",296,56912,62,2,88,2,1,1,2,1,4,6,6,7,9
"287",297,56914,38,2,3,3,1,2,1,1,2,6,7,4,5
"288",298,56947,46,1,10,3,2,1,1,1,1,6,6,7,7
"289",299,56968,47,2,9,3,2,2,2,1,2,6,3,6,7
"290",300,56969,30,2,77,3,2,2,1,1,1,6,5,4,6
"291",302,57007,36,2,10,3,2,1,1,1,1,6,5,2,7
"292",303,57036,45,2,10,3,2,1,1,1,1,6,2,7,9
"293",304,57059,42,2,6,2,2,2,1,2,1,6,3,2,6
"294",305,57075,80,1,5,3,1,1,2,1,2,4,3,5,8
"295",306,57095,30,2,6,3,2,1,1,1,3,6,4,7,5
"296",307,57099,32,2,77,3,2,1,1,1,2,2,6,4,8
"297",308,57127,79,2,5,2,2,2,2,1,1,6,7,0,5
"298",309,57155,82,2,10,3,2,2,2,2,3,6,2,7,7
"299",310,57156,58,1,5,3,2,2,2,1,4,6,2,2,10
"300",311,57195,44,1,7,3,2,2,1,1,1,6,6,0,7
"301",312,57202,59,2,10,3,2,2,1,2,4,5,6,3,6
"302",313,57220,52,1,3,3,2,1,1,1,1,6,4,7,10
"303",314,57236,81,2,2,2,2,2,2,1,2,2,7,7,9
"304",315,57250,82,1,77,3,2,1,1,1,1,6,6,2,7
"305",316,57290,39,1,7,3,2,1,2,1,2,6,4,0,6
"306",317,57293,63,2,3,2,2,2,2,2,2,5,7,4,2
"307",318,57342,44,2,88,3,2,2,1,2,1,6,6,7,10
"308",319,57453,43,2,77,3,2,1,1,1,2,6,7,5,8
"309",320,57454,43,2,1,1,2,2,3,2,4,1,6,0,1
"310",321,57478,21,1,77,3,2,1,1,1,1,3,7,7,7
"311",322,57482,77,2,88,1,1,4,3,4,4,6,7,0,10
"312",323,57483,31,1,2,3,2,2,2,2,2,5,4,7,8
"314",326,57568,44,1,2,2,1,2,2,3,3,1,6,3,7
"315",327,57681,79,1,2,1,1,2,1,2,4,6,2,0,8
"316",328,57690,28,2,8,2,2,1,2,4,3,4,3,4,7
"317",329,57709,16,2,88,2,2,2,2,2,3,6,7,4,3
"319",331,57750,68,1,1,1,1,2,2,2,3,1,2,0,4
"320",332,57774,70,2,7,3,2,1,2,1,2,6,4,7,9
"321",333,57797,70,1,5,2,1,1,1,1,2,1,7,5,7
"322",334,57832,26,1,7,3,2,1,1,1,1,6,5,6,9
"323",335,57875,48,1,88,3,2,2,1,1,1,4,3,6,10
"324",336,57902,80,2,3,3,2,1,1,1,2,6,3,6,9
"325",337,57923,28,2,3,2,2,1,2,1,2,4,2,7,10
"326",338,57943,71,1,77,1,1,2,1,2,1,4,3,7,3
"327",339,57950,60,1,10,3,2,1,1,1,1,6,3,3,8
"328",340,58003,44,2,8,3,1,2,1,1,2,5,3,1,7
"329",341,58015,67,2,6,2,1,2,1,1,2,4,2,7,3
"330",342,58037,55,2,8,1,2,1,3,1,3,6,2,3,10
"331",343,58038,67,2,77,3,2,1,2,1,4,4,1,1,6
"332",344,58050,38,2,77,3,2,2,4,1,1,6,4,7,8
"333",345,58062,47,2,7,3,1,1,1,1,1,6,6,3,8
"334",346,58075,77,1,10,3,2,2,2,2,2,6,5,6,6
"335",347,58155,48,1,6,3,2,1,1,1,2,6,3,7,8
"336",348,58157,44,1,6,3,2,2,2,2,2,6,2,1,4
"337",349,58194,71,1,88,3,2,1,1,1,1,4,3,6,7
"338",350,58246,54,1,6,3,2,2,2,1,2,6,3,2,6
"339",351,58256,21,1,1,3,2,1,2,1,1,6,7,7,6
"340",352,58266,45,1,10,3,2,1,1,1,2,5,3,3,8
"341",353,58268,50,2,3,2,2,2,2,3,4,6,3,1,4
"342",354,58292,40,1,77,3,2,1,2,1,1,6,3,5,7
"344",356,58394,41,2,1,3,2,2,1,2,2,6,7,3,5
"345",357,58410,46,1,77,2,2,2,1,1,2,4,2,6,8
"346",358,58492,57,1,3,3,2,1,1,1,2,2,7,2,9
"347",359,58511,36,1,88,3,2,1,1,2,4,6,2,0,10
"348",360,58547,83,2,3,2,2,1,1,1,1,6,1,7,9
"349",361,58557,37,2,8,3,2,1,2,2,3,5,3,4,4
"350",362,58559,17,1,7,3,1,2,2,2,2,6,7,2,3
"351",363,58561,43,1,8,3,2,1,1,1,2,6,4,4,3
"352",364,58595,74,2,88,2,1,2,2,3,2,6,2,5,6
"353",365,58598,29,2,77,3,2,2,1,1,1,6,7,4,8
"354",366,58604,73,1,77,3,2,1,1,1,1,6,1,3,2
"355",367,58613,16,1,88,3,1,2,1,1,2,6,6,7,4
"356",368,58626,75,2,3,2,2,2,2,2,2,6,7,7,4
"357",369,58627,41,1,10,3,2,1,2,1,2,3,2,7,7
"358",370,58665,88,1,8,2,1,2,3,1,4,6,4,0,8
"359",371,58685,38,2,4,3,2,1,2,2,4,1,3,7,4
"360",372,58727,41,2,77,2,2,1,1,1,1,6,3,7,7
"361",373,58734,40,2,1,1,2,4,4,4,4,1,1,2,0
"362",374,58778,68,1,1,1,2,3,3,2,2,1,7,0,5
"363",375,58783,25,2,3,2,1,2,4,3,4,6,6,1,4
"364",376,58786,70,2,88,2,2,2,2,2,1,2,6,0,9
"365",377,58792,68,2,6,2,2,1,2,1,1,6,1,7,7
"366",379,58847,76,1,10,2,1,2,2,1,1,6,2,0,7
"367",380,58895,59,1,10,3,2,1,2,1,2,6,3,7,9
"368",381,58911,89,1,2,2,2,1,1,1,2,6,7,0,9
"369",382,58962,48,1,77,1,1,3,4,4,1,1,6,0,9
"370",383,58977,64,2,77,3,2,1,2,1,2,6,3,0,10
"371",384,59034,81,2,2,3,1,1,1,1,2,6,5,4,7
"372",385,59039,72,2,77,3,2,1,1,2,2,6,2,7,7
"373",386,59058,30,1,9,3,1,1,2,1,1,6,5,7,10
"374",387,59072,24,1,3,3,2,1,1,1,2,6,6,7,6
"375",388,59091,16,1,77,3,2,1,1,1,1,6,7,5,8
"376",389,59118,29,1,9,3,2,1,1,1,2,6,4,7,7
"377",390,59185,15,2,88,3,2,2,1,2,3,6,6,7,4
"378",391,59206,83,2,77,2,2,1,1,1,1,6,7,7,7
"379",392,59350,42,1,7,3,2,1,1,1,1,4,7,7,7
"380",393,59379,44,2,4,3,2,1,1,2,2,6,6,0,6
"381",394,59382,24,1,88,1,2,3,3,3,3,1,7,0,4
"382",395,59446,86,1,4,1,2,1,1,1,1,6,7,0,9
"383",396,59469,63,1,77,3,2,1,1,1,1,6,7,5,10
"384",397,59473,80,2,7,2,2,1,1,1,1,6,6,7,10
"385",398,59495,52,2,5,3,2,4,4,1,2,6,3,7,7
"386",399,59518,64,1,10,1,2,1,2,2,1,4,1,0,4
"387",400,59523,69,1,3,2,1,2,3,3,3,1,1,0,5
"388",401,59533,78,1,8,3,2,2,1,1,1,4,1,5,9
"389",402,59544,63,2,4,3,2,3,1,2,3,6,7,4,8
"390",403,59552,69,1,77,3,2,2,1,2,2,4,1,6,8
"391",404,59564,73,1,77,3,1,2,2,2,1,6,1,7,6
"392",405,59578,46,1,77,3,2,2,2,2,2,3,2,5,7
"393",406,59596,26,1,3,1,1,1,2,2,3,6,1,0,2
"394",407,59597,77,1,3,3,2,1,1,1,1,4,2,7,10
"395",408,59637,43,1,9,3,2,1,1,1,1,4,5,3,6
"396",409,59657,54,1,5,3,2,1,1,1,1,6,3,7,10
"397",410,59668,41,1,6,3,2,1,1,1,3,4,2,2,5
"398",411,59698,60,1,10,3,2,1,1,1,2,6,3,7,8
"399",412,59795,69,2,4,3,1,2,1,2,1,6,1,4,7
"400",413,59827,26,2,7,3,1,2,3,2,4,4,3,3,6
"401",414,59833,47,1,77,3,2,2,1,1,2,4,6,4,8
"402",415,59855,51,2,4,2,1,2,4,2,4,6,4,7,6
"403",416,59887,58,2,1,2,1,2,1,1,2,4,6,7,2
"404",418,59892,76,2,4,3,2,2,2,2,2,6,2,7,6
"405",419,59948,16,2,77,3,2,2,2,1,2,6,7,1,7
"406",420,59949,54,2,1,2,2,1,2,2,4,1,6,0,9
"407",421,59978,69,2,1,3,2,1,1,1,1,4,7,3,8
"408",422,59995,53,2,2,2,2,3,2,3,4,4,3,5,8
"409",423,60014,71,1,6,3,2,1,1,1,2,6,2,3,5
"410",424,60047,64,1,77,3,2,1,1,1,2,6,7,5,6
"411",425,60085,86,2,77,2,2,2,2,1,2,6,7,7,8
"412",426,60090,70,1,5,3,1,1,1,4,2,6,2,5,8
"413",427,60107,37,1,8,3,2,1,2,1,2,3,5,2,6
"414",428,60152,81,1,8,3,1,1,2,1,1,6,2,7,9
"415",429,60154,76,1,7,3,2,1,1,1,1,3,1,7,10
"416",430,60182,52,1,77,3,2,2,2,2,2,6,7,3,7
"417",431,60199,81,1,1,2,1,1,2,1,2,4,6,3,6
"418",432,60203,48,2,4,3,2,1,1,1,1,4,7,1,9
"419",433,60204,24,1,1,1,1,3,2,4,3,2,1,7,5
"420",434,60230,70,1,4,3,2,2,1,1,2,4,2,4,9
"421",435,60232,51,2,2,1,1,3,3,2,4,4,3,4,8
"422",436,60237,48,1,3,1,1,1,1,1,2,6,6,7,8
"423",438,60263,66,1,2,2,2,2,2,3,1,4,7,0,6
"424",439,60275,80,2,2,1,2,1,1,1,1,6,6,7,7
"425",441,60308,49,1,8,3,2,1,2,1,2,6,5,2,7
"426",442,60313,52,1,9,3,2,2,1,1,2,4,2,7,8
"427",443,60324,54,1,5,3,2,2,2,3,3,6,4,3,4
"428",444,60333,79,2,9,2,1,4,1,1,2,6,7,1,4
"429",445,60343,45,2,8,3,2,1,1,1,2,5,4,4,9
"430",446,60354,53,1,9,3,1,2,2,2,2,4,2,7,6
"431",447,60402,61,2,2,3,1,2,1,4,2,6,2,5,7
"432",448,60430,55,2,5,2,1,2,1,2,4,6,5,7,8
"433",449,60449,49,1,77,3,2,1,2,3,2,2,4,5,6
"434",450,60463,51,2,6,3,2,2,1,1,3,4,2,7,7
"435",451,60469,51,1,1,1,1,2,3,2,4,1,1,1,6
"436",452,60470,23,1,77,3,2,1,1,1,1,2,5,6,9
"437",453,60499,38,2,7,3,2,1,1,1,1,3,3,0,5
"438",454,60500,43,2,1,2,2,1,1,1,1,2,3,0,5
"439",455,60525,24,1,9,3,2,2,1,2,2,6,5,7,3
"440",456,60543,80,1,1,2,2,1,2,1,2,4,3,0,10
"442",458,60571,79,2,3,2,2,1,1,1,2,6,2,3,7
"443",459,60588,88,2,77,1,1,2,3,2,3,4,7,0,10
"444",460,60595,90,1,2,3,1,3,2,1,2,4,7,0,9
"445",462,60607,72,2,4,3,1,2,1,3,1,6,2,7,10
"446",463,60626,58,1,6,2,2,3,1,3,3,4,7,3,8
"447",464,60655,66,2,2,2,2,1,2,1,2,6,6,0,7
"448",465,60700,56,1,4,3,2,2,1,1,4,4,2,2,7
"449",466,60705,84,2,77,2,2,1,1,1,4,4,3,0,8
"450",467,60742,67,2,6,3,2,1,1,1,1,6,4,7,8
"451",468,60744,67,2,7,3,1,1,1,1,4,2,4,7,7
"452",469,60753,58,2,3,2,1,3,1,1,2,6,2,2,6
"453",470,60774,25,2,2,3,1,2,1,1,2,4,5,4,7
"454",471,60824,55,2,9,3,2,1,2,1,3,2,3,7,4
"455",472,60841,67,2,5,3,2,1,1,1,2,4,2,5,9
"456",474,60851,50,1,9,2,1,2,2,2,2,3,3,3,7
"457",475,60865,83,2,8,1,1,1,2,1,2,6,3,0,8
"458",476,60915,32,1,10,3,2,2,1,1,1,4,4,7,7
"459",478,60938,40,1,77,3,2,2,2,1,1,5,6,4,8
"460",479,60999,51,2,77,2,1,4,3,4,2,6,7,7,5
"461",480,61038,70,2,77,3,2,1,1,1,1,2,7,7,7
"462",481,61045,27,2,3,3,1,2,1,1,1,5,4,6,7
"463",482,61066,64,2,6,2,2,2,2,2,2,4,3,3,8
"464",483,61105,64,1,8,3,2,1,2,1,2,6,2,7,7
"465",484,61121,66,1,9,3,2,1,1,1,2,6,2,3,10
"466",485,61131,29,1,77,1,2,2,2,2,4,1,7,0,4
"467",486,61132,24,2,7,3,2,3,2,2,3,6,6,1,6
"468",487,61143,36,2,9,3,2,1,1,1,1,6,3,3,10
"469",488,61158,88,2,1,2,2,2,2,1,2,6,7,0,5
"470",489,61171,24,1,8,3,2,2,1,1,2,4,4,6,7
"471",490,61174,79,1,2,1,1,2,2,2,3,4,3,1,7
"472",491,61263,45,2,77,3,2,2,2,2,1,6,7,5,6
"473",492,61301,25,1,2,3,2,1,2,1,2,6,4,7,7
"474",493,61312,84,2,77,2,2,1,2,1,2,6,3,0,9
"475",494,61319,82,1,1,1,2,1,2,1,1,4,6,0,7
"476",495,61328,72,1,9,3,2,2,2,1,2,6,6,4,8
"477",496,61397,51,1,7,3,2,2,2,1,1,6,7,5,7
"478",498,61426,39,1,5,3,1,2,2,2,3,5,2,5,5
"479",499,61444,67,2,77,3,2,2,2,1,1,6,7,3,6
"480",500,61465,56,2,6,3,2,1,1,1,2,6,2,7,6
"481",501,61469,23,1,10,3,2,2,1,1,1,6,6,6,9
"482",502,61494,28,1,3,3,2,2,1,1,1,4,4,1,8
"483",503,61504,55,1,9,3,2,1,1,1,1,6,2,2,10
"484",504,61518,80,2,88,2,2,1,1,1,2,6,7,0,7
"486",506,61542,76,1,2,1,2,4,4,4,4,4,7,0,3
"487",507,61563,40,1,6,3,2,2,1,1,2,4,2,5,8
"488",508,61580,43,1,6,3,2,2,1,2,2,4,5,2,9
"489",509,61586,34,1,88,3,2,1,1,1,2,2,2,4,7
"490",510,61591,33,2,10,3,1,2,1,2,2,4,3,1,7
"491",511,61622,46,2,7,2,2,2,1,1,2,6,4,3,7
"492",512,61625,71,1,8,2,2,1,2,1,2,4,3,1,8
"493",513,61658,72,1,3,1,2,1,2,1,1,4,3,1,7
"494",514,61663,80,1,4,3,1,1,1,1,1,7,2,0,4
"495",515,61687,85,2,88,2,2,2,1,1,1,4,7,0,10
"496",516,61719,44,1,10,3,1,2,2,3,3,4,2,5,8
"497",517,61741,59,1,1,2,1,3,2,2,2,6,6,0,5
"498",518,61743,65,2,10,3,2,2,1,1,2,2,2,7,9
"499",519,61787,33,1,5,3,2,1,2,1,2,1,2,2,7
"500",520,61789,17,1,88,3,2,2,1,1,2,6,6,3,9
"501",521,61818,44,2,6,2,1,2,2,1,2,6,5,7,5
"502",522,61829,28,2,5,3,2,1,1,1,2,6,5,7,10
"503",523,61859,43,1,7,3,2,2,1,1,2,6,7,1,8
"504",524,61877,54,2,8,3,2,1,2,2,2,6,4,2,6
"505",525,61878,41,2,77,3,2,1,1,1,3,6,7,0,5
"506",526,61885,79,2,77,3,2,1,2,1,3,4,5,0,7
"507",527,61911,85,1,3,3,2,1,2,1,2,6,2,3,8
"508",528,61922,45,1,6,3,1,1,1,1,1,6,7,3,10
"509",529,61954,36,1,5,3,2,1,2,1,3,4,3,5,8
"510",530,61955,33,2,88,3,2,1,1,1,1,6,7,7,8
"511",531,61971,19,2,88,3,2,2,1,1,2,6,5,3,8
"512",532,61981,28,1,77,3,1,1,1,1,1,4,6,2,8
"513",533,62008,58,2,77,2,2,1,1,2,2,4,1,0,6
"514",534,62044,80,2,3,3,1,3,3,2,2,4,5,0,10
"516",536,62084,26,1,2,3,1,1,2,1,2,4,4,7,9
"517",538,62175,58,2,6,3,1,2,2,2,2,3,7,2,8
"518",539,62227,75,2,2,3,2,2,1,2,2,6,6,0,6
"519",540,62264,38,1,77,3,2,1,1,1,1,6,7,3,8
"520",541,62278,36,1,88,3,2,1,1,1,2,1,2,7,6
"521",542,62289,74,1,6,3,1,2,1,1,2,6,2,3,9
"522",543,62293,36,1,77,3,2,2,1,1,1,6,3,4,7
"523",544,62304,44,1,8,3,2,1,1,1,2,5,4,3,9
"524",545,62306,36,2,4,3,2,1,1,1,1,3,6,5,9
"525",546,62318,15,1,5,3,1,2,1,1,1,6,7,0,7
"526",547,62358,67,1,3,3,2,1,1,1,2,1,2,0,9
"527",548,62422,48,2,77,3,2,1,1,1,1,6,7,3,8
"528",549,62425,48,1,10,3,1,1,1,1,2,6,7,2,6
"529",550,62448,51,2,5,3,1,2,2,2,2,1,3,3,7
"530",551,62500,57,2,8,3,7,1,1,1,2,6,3,4,8
"531",552,62549,45,1,7,2,2,2,2,1,3,4,2,5,7
"532",553,62555,77,2,77,1,2,2,1,1,1,6,7,0,10
"533",554,62654,80,2,9,3,2,1,2,1,2,4,2,7,8
"534",555,62655,68,1,3,2,2,1,2,2,2,1,7,4,8
"535",556,62711,73,2,6,2,2,2,1,1,1,6,3,7,7
"536",557,62767,40,2,10,3,2,1,1,1,3,6,5,5,8
"537",558,62814,59,1,1,1,2,1,1,1,2,6,6,0,5
"539",560,62893,32,2,10,3,2,1,2,1,3,5,4,7,7
"540",561,62900,35,1,2,3,1,2,2,2,2,4,3,2,7
"541",562,62930,30,2,3,3,1,1,1,1,2,6,7,4,7
"542",563,62954,84,1,2,3,2,1,1,1,1,6,3,5,7
"543",564,62962,59,1,5,3,2,1,1,1,1,6,3,3,8
"544",565,62970,66,2,8,2,2,1,1,1,1,4,7,7,10
"545",566,62996,32,2,5,3,1,1,2,1,4,1,5,7,6
"546",567,63005,56,2,10,3,2,1,1,1,1,6,2,5,8
"547",568,63025,80,1,77,2,2,1,1,1,1,2,2,0,7
"548",569,63029,68,2,2,3,2,1,2,2,3,1,3,7,7
"550",571,63050,57,1,88,1,2,2,1,3,3,1,1,4,5
"551",573,63212,36,2,88,1,2,2,2,2,3,3,2,2,7
"552",574,63230,38,1,9,3,1,2,2,1,1,4,3,5,7
"553",575,63236,61,1,8,2,1,1,2,2,3,6,1,3,7
"554",577,63242,37,1,1,2,2,2,2,1,2,1,7,7,5
"555",578,63247,66,2,77,3,2,2,1,1,1,6,2,7,7
"556",579,63256,29,2,6,2,1,2,3,2,4,6,6,0,7
"557",580,63333,48,2,2,3,2,2,2,1,1,6,7,0,10
"558",581,63354,80,2,3,1,2,2,2,1,3,6,2,0,6
"559",582,63365,70,2,5,2,2,1,2,1,1,6,5,0,9
"560",583,63416,62,1,6,3,1,1,2,1,1,6,7,0,9
"561",585,63498,68,2,1,3,2,1,1,1,1,6,7,7,10
"562",586,63509,35,1,4,3,2,2,2,2,1,6,6,2,5
"563",587,63516,60,2,1,1,1,2,3,2,4,4,6,0,10
"564",588,63526,85,1,77,2,2,1,3,1,1,4,7,0,6
"565",589,63528,35,2,88,3,1,1,1,1,1,6,7,2,10
"566",590,63541,87,2,1,1,2,2,4,2,1,4,2,0,1
"567",591,63604,75,2,1,3,2,2,2,1,1,1,5,1,6
"568",592,63621,49,2,10,3,2,2,1,2,2,6,4,1,7
"569",593,63691,65,2,2,2,1,2,1,1,3,4,2,1,8
"570",594,63737,57,2,1,1,2,2,1,2,1,1,2,0,8
"571",595,63762,76,2,77,3,2,1,1,1,2,5,3,2,10
"572",596,63790,68,2,6,1,1,4,4,3,3,6,6,0,3
"573",597,63797,48,2,4,3,1,1,1,1,2,6,3,1,7
"574",598,63801,32,2,77,3,2,1,2,2,1,6,7,5,5
"575",599,63817,61,1,1,1,1,2,3,2,2,4,7,0,5
"576",600,63871,30,1,1,2,2,4,4,4,4,1,7,0,4
"577",601,63907,26,1,8,3,2,2,2,2,1,6,3,1,7
"578",602,63931,38,1,88,2,2,2,2,2,1,5,3,2,7
"579",603,63946,70,2,1,3,2,2,2,1,2,4,2,7,5
"580",604,63965,65,2,4,3,1,1,1,1,2,4,1,7,5
"581",605,63971,47,2,10,3,2,1,1,2,2,2,5,3,7
"582",606,63972,74,1,8,3,2,1,1,1,2,4,2,7,8
"583",607,64043,48,2,6,2,2,2,2,2,3,4,6,5,7
"584",608,64049,87,2,88,2,2,1,1,1,1,6,7,0,6
"585",609,64079,62,2,4,2,2,1,1,1,4,4,6,7,10
"586",610,64084,53,2,4,3,2,2,2,1,2,6,2,0,4
"587",611,64116,88,1,2,2,2,2,2,2,2,6,7,2,8
"588",612,64127,86,1,9,2,2,2,1,1,1,6,1,7,9
"589",614,64155,51,1,8,3,2,2,1,2,2,2,7,5,7
"590",615,64198,46,1,8,3,2,2,1,1,2,4,2,5,8
"591",616,64234,27,2,4,3,1,2,1,2,2,6,7,5,7
"593",618,64244,80,2,2,2,1,1,1,1,2,6,2,4,5
"594",619,64252,60,2,77,3,1,1,1,1,2,6,3,7,9
"595",620,64254,57,1,88,1,2,2,1,3,1,1,3,1,8
"596",621,64266,24,2,77,3,2,2,2,1,1,6,3,6,8
"597",622,64285,55,1,9,3,2,1,1,1,1,4,6,2,9
"598",623,64296,37,1,5,3,1,2,2,2,2,2,6,7,5
"599",624,64303,74,2,88,2,1,1,1,1,4,4,6,4,10
"600",625,64342,68,2,4,1,2,2,4,3,4,6,6,0,4
"601",626,64349,61,1,1,2,1,3,4,2,4,6,7,7,2
"602",627,64351,33,2,4,3,2,2,2,1,1,6,7,7,7
"603",628,64355,53,2,1,1,2,2,3,1,3,3,6,0,6
"604",629,64370,44,1,10,3,2,1,1,1,3,4,7,0,10
"605",630,64386,48,2,8,3,2,1,1,1,1,4,3,2,6
"606",631,64409,36,2,7,3,2,1,1,1,2,6,6,4,7
"607",632,64417,48,2,77,3,2,1,1,1,1,1,6,0,8
"608",633,64418,63,1,4,3,2,2,1,1,2,4,2,5,5
"609",634,64437,25,1,6,3,1,3,3,4,4,6,6,0,4
"610",635,64442,73,2,4,1,2,1,2,1,2,4,7,0,9
"611",636,64469,70,2,3,2,1,2,3,2,4,6,3,2,8
"612",637,64474,52,2,8,2,1,2,1,2,2,4,3,7,5
"613",638,64482,49,1,77,3,8,3,2,1,3,4,4,0,0
"614",639,64530,64,2,1,1,2,2,2,2,3,4,6,3,7
"615",640,64568,75,2,77,3,2,1,1,1,1,6,7,7,5
"616",641,64590,24,2,88,3,1,1,1,1,1,5,4,5,8
"617",642,64617,30,1,88,3,2,1,1,1,2,6,7,7,8
"618",643,64625,39,1,77,1,2,1,3,1,1,6,7,5,5
"619",644,64646,73,1,77,3,2,1,2,1,1,4,3,3,7
"620",645,64653,76,1,2,3,2,1,1,1,1,4,1,2,8
"621",646,64688,71,1,2,3,1,2,2,2,1,2,6,1,5
"622",647,64693,47,2,8,3,2,2,1,1,2,6,5,7,10
"623",648,64722,18,1,88,3,2,2,2,1,1,6,2,5,6
"624",649,64742,86,2,1,2,1,2,2,1,1,4,1,1,9
"625",650,64789,59,1,9,3,2,2,2,2,3,1,7,5,3
"626",651,64829,34,1,3,3,2,1,2,1,2,6,7,5,7
"627",652,64831,44,2,9,3,1,1,1,1,2,4,6,7,7
"628",653,64865,73,2,3,3,2,1,1,1,1,6,2,7,7
"629",654,64868,72,1,77,1,2,1,1,1,2,6,5,7,7
"630",655,64885,42,1,6,3,2,1,2,1,1,6,7,1,8
"631",656,64889,43,2,7,3,1,2,1,1,1,6,3,7,7
"632",657,64890,68,1,4,3,2,1,1,1,1,6,2,7,10
"633",658,64895,25,2,88,1,1,2,2,2,2,5,5,1,4
"634",659,64907,79,1,1,3,2,1,1,1,2,4,3,4,9
"635",660,64912,75,1,3,3,2,1,1,2,2,6,2,7,8
"636",661,64943,33,1,10,3,2,1,1,1,2,6,4,7,8
"637",662,64976,76,2,88,3,2,1,1,1,1,4,2,7,8
"638",663,64988,45,1,2,3,2,1,1,1,1,6,7,1,6
"639",664,65006,81,1,88,1,2,2,3,2,3,4,1,5,3
"640",665,65071,69,2,8,3,2,1,1,1,2,4,2,2,7
"641",666,65080,59,1,7,3,2,1,1,1,2,4,3,5,9
"642",667,65133,61,1,5,1,1,1,1,1,3,1,2,0,10
"643",668,65156,62,2,4,3,1,2,2,1,2,6,5,5,7
"644",669,65200,67,1,6,3,2,1,1,1,1,6,2,6,7
"645",670,65248,72,1,3,2,2,2,3,2,2,4,3,0,5
"646",672,65286,48,1,2,2,2,2,1,2,1,6,3,6,7
"647",673,65375,32,1,8,3,2,2,2,1,2,6,4,0,7
"648",674,65378,33,2,5,3,2,2,1,1,2,6,5,5,7
"649",675,65437,80,1,5,3,1,1,2,1,1,6,2,5,7
"650",676,65462,31,1,77,3,2,1,1,1,1,6,7,0,6
"651",677,65470,71,1,8,3,2,1,1,2,1,6,1,7,8
"652",678,65493,31,1,7,3,2,2,2,1,2,5,3,5,6
"653",679,65516,43,1,3,2,2,2,2,2,1,6,4,2,2
"654",680,65524,20,2,1,2,1,2,1,1,1,6,6,5,5
"655",681,65562,82,2,2,3,2,2,2,2,2,6,7,5,6
"656",682,65616,61,1,7,3,2,1,2,1,2,5,2,2,6
"657",684,65643,36,1,2,3,2,1,1,1,1,4,7,3,6
"658",685,65672,68,2,4,3,2,1,1,1,2,6,2,3,7
"659",686,65676,63,2,77,3,1,2,2,2,3,1,2,1,9
"660",687,65677,51,1,8,3,2,2,2,1,3,4,3,5,8
"661",688,65693,47,1,8,3,1,1,2,1,2,4,3,6,4
"662",689,65733,75,2,77,3,2,1,2,1,2,6,7,6,8
"663",690,65765,72,1,8,3,2,1,1,1,1,4,2,4,8
"664",691,65776,35,2,8,2,2,1,2,1,2,6,6,3,8
"665",692,65787,33,1,77,2,2,2,2,2,2,6,7,3,5
"666",693,65792,36,1,77,3,2,2,2,2,2,6,7,4,5
"667",694,65795,34,1,88,3,2,1,2,2,2,6,7,4,10
"668",695,65808,60,2,1,1,2,3,4,3,4,1,7,0,3
"669",696,65811,15,1,7,3,2,2,2,1,2,6,7,7,5
"670",697,65821,27,1,8,3,2,2,2,1,2,5,2,4,7
"671",698,65879,36,2,5,3,2,4,2,2,2,6,4,7,4
"672",699,65886,62,2,1,3,1,2,1,1,2,5,3,7,10
"673",700,65891,51,1,7,3,2,2,2,1,2,6,7,3,8
"674",701,65902,32,1,4,3,2,1,1,1,2,6,7,5,7
"675",702,65941,41,1,9,3,2,1,1,1,1,4,2,1,5
"676",703,65942,83,2,77,2,1,2,1,1,2,5,6,1,9
"677",704,65959,47,2,77,3,2,1,3,2,1,6,7,4,7
"678",705,65963,47,1,6,1,1,3,2,2,4,2,2,7,4
"679",706,65974,26,2,88,3,1,2,3,2,2,6,6,4,6
"680",707,65975,38,1,8,3,2,1,1,1,1,6,6,3,7
"681",708,65992,65,2,88,2,2,2,3,2,2,6,6,1,5
"682",709,66017,68,1,2,2,2,1,2,1,1,6,1,3,8
"683",710,66044,61,1,6,3,2,1,1,1,2,4,3,7,8
"684",711,66047,59,1,3,3,2,2,2,2,1,1,7,0,7
"685",712,66050,60,2,3,3,2,1,1,1,1,4,2,5,8
"686",713,66059,42,1,77,3,1,1,1,1,1,4,3,3,10
"687",714,66074,48,2,10,2,2,1,2,1,3,4,6,7,6
"688",715,66131,38,1,5,3,2,1,1,2,1,4,1,4,9
"689",716,66143,75,2,3,3,2,1,2,1,4,4,2,0,8
"690",717,66194,56,2,4,2,2,3,3,3,3,1,2,0,6
"691",718,66202,55,1,10,3,1,2,2,3,2,6,2,7,7
"692",719,66241,58,2,6,3,1,2,1,1,1,6,3,1,8
"693",720,66245,86,1,1,1,2,2,1,1,2,4,7,0,0
"694",721,66256,82,2,7,3,2,1,1,1,1,5,4,5,8
"695",722,66259,77,1,3,3,2,2,1,2,2,5,3,2,6
"696",723,66264,71,1,2,2,2,2,2,1,3,4,2,7,7
"697",724,66276,35,2,10,3,2,1,1,1,1,4,5,7,5
"698",725,66282,48,1,9,2,1,2,2,2,2,6,3,7,5
"699",726,66288,40,1,5,3,2,1,1,1,1,6,5,6,10
"700",727,66331,68,2,3,3,2,1,1,4,1,6,3,7,9
"701",728,66337,85,2,3,1,1,2,3,2,2,6,7,0,0
"702",729,66358,78,2,77,1,1,4,1,2,2,4,7,1,4
"703",730,66382,35,1,10,3,2,1,1,1,1,6,5,7,9
"704",731,66420,68,2,6,2,1,1,1,1,1,4,6,0,8
"705",732,66447,22,1,88,3,1,1,2,2,2,6,6,2,8
"706",733,66464,75,2,2,2,2,1,1,2,2,4,1,0,8
"707",734,66487,47,2,2,3,2,2,2,2,1,6,7,7,9
"708",735,66497,70,2,3,3,2,1,1,1,1,6,3,4,7
"709",736,66565,73,1,6,2,1,1,2,2,3,6,2,1,7
"710",737,66566,26,2,10,3,2,2,1,1,1,6,3,7,10
"711",738,66613,27,2,5,3,2,2,1,1,1,6,4,5,7
"712",739,66641,21,2,77,3,2,1,1,1,1,1,5,7,5
"713",740,66666,66,2,3,2,2,1,1,1,1,1,4,1,10
"714",741,66677,53,2,77,2,1,4,4,3,4,4,3,7,8
"715",742,66702,81,1,7,3,1,1,1,1,1,6,2,7,8
"716",743,66719,77,2,3,1,2,2,3,2,2,6,2,0,10
"717",744,66743,46,1,77,3,2,2,2,2,1,1,2,7,8
"718",745,66758,53,1,4,2,1,1,1,1,2,6,7,7,6
"719",746,66772,72,2,6,3,2,2,1,1,2,6,1,7,8
"720",747,66800,53,2,7,3,1,1,2,1,2,4,2,3,9
"721",748,66804,32,2,88,2,1,1,1,1,2,4,1,2,9
"722",749,66829,29,2,5,1,1,3,2,3,4,6,2,0,6
"723",750,66834,37,2,1,2,1,1,1,1,1,6,6,0,0
"724",751,66840,50,2,10,2,1,1,2,1,2,6,2,6,8
"725",752,66857,80,1,77,3,2,1,1,1,1,4,5,0,5
"726",753,66882,48,1,3,1,1,4,3,4,4,4,4,3,3
"727",754,66891,25,2,6,3,2,1,1,1,2,6,6,7,6
"728",755,66953,71,2,2,3,2,1,2,1,1,6,4,2,8
"729",756,66982,79,1,7,2,2,3,1,1,1,6,3,0,9
"730",757,66991,33,2,3,3,1,2,2,2,2,6,3,3,5
"731",759,67022,68,2,4,2,2,2,2,2,1,4,7,3,7
"732",760,67042,55,1,77,3,2,1,1,1,1,6,3,7,9
"733",761,67069,48,2,6,3,2,1,2,1,3,6,3,6,10
"734",762,67085,38,2,7,3,2,2,1,2,2,6,6,3,8
"735",763,67109,64,2,3,3,2,2,1,1,2,4,2,7,8
"736",764,67111,65,1,6,3,1,2,2,2,3,6,4,7,6
"737",765,67161,54,1,9,3,1,1,1,1,1,6,2,7,10
"738",766,67170,70,1,88,2,1,2,1,1,1,4,2,3,8
"739",767,67173,74,1,2,1,2,2,1,2,1,4,4,0,4
"740",768,67183,57,1,4,3,2,2,2,1,2,4,5,0,10
"741",769,67210,76,2,88,2,1,2,2,2,2,5,2,4,3
"742",770,67222,67,2,8,3,1,1,1,1,3,6,3,0,8
"743",771,67228,38,2,8,3,1,2,1,1,2,2,6,7,7
"744",772,67251,62,2,6,3,2,1,1,1,2,6,3,7,8
"745",773,67264,57,1,1,1,2,1,4,4,3,5,5,0,3
"746",774,67294,43,2,1,2,2,2,2,4,3,1,2,0,9
"748",776,67301,79,2,1,3,2,2,2,2,1,6,7,0,7
"749",777,67315,71,1,3,3,1,1,1,1,1,6,5,7,8
"750",778,67355,54,1,77,2,1,2,3,4,3,4,7,0,3
"751",779,67387,41,1,6,3,2,2,1,1,1,2,7,7,10
"752",780,67422,42,1,9,1,1,2,2,1,2,4,3,5,7
"753",781,67451,29,1,4,3,2,1,1,2,1,6,7,0,5
"754",782,67460,43,1,9,3,2,1,1,1,2,6,2,0,8
"755",783,67489,67,2,1,1,1,2,2,3,3,6,7,0,8
"756",784,67492,18,1,4,2,2,2,2,1,2,6,3,7,7
"757",785,67506,80,1,10,3,1,1,1,1,2,5,2,6,8
"758",786,67519,73,2,88,3,2,3,2,2,2,6,7,7,9
"759",787,67549,20,1,88,2,1,3,2,3,3,5,6,3,5
"760",788,67553,39,2,9,3,2,1,1,1,2,5,3,3,6
"761",789,67584,76,1,3,2,2,1,1,2,2,4,2,0,8
"762",790,67651,64,2,1,3,1,1,1,1,1,6,7,7,8
"763",791,67654,86,1,6,3,7,1,1,4,1,6,1,7,7
"764",792,67655,76,1,5,3,2,2,1,2,1,4,2,2,8
"765",793,67661,65,2,2,3,2,2,1,1,3,6,2,7,8
"766",794,67685,61,2,8,3,2,2,1,1,2,6,2,5,7
"767",795,67686,35,2,77,3,2,2,2,2,2,6,7,5,7
"768",797,67771,71,1,77,3,2,1,1,1,1,6,2,7,7
"769",798,67785,67,1,5,3,2,1,1,1,1,4,7,7,9
"770",799,67802,43,1,7,2,2,1,2,1,3,4,2,0,7
"771",800,67819,22,2,9,3,1,2,1,2,2,3,2,4,2
"772",801,67831,79,1,3,3,2,1,1,1,3,4,6,7,7
"773",802,67838,66,2,3,3,2,2,2,1,3,4,3,0,5
"774",803,67861,33,2,1,3,2,2,2,1,1,6,6,4,8
"775",804,67895,63,2,8,3,2,1,1,1,1,6,7,7,10
"776",805,67897,25,2,3,3,2,1,1,1,1,6,7,4,8
"777",806,67905,74,2,9,3,2,1,1,1,1,4,2,3,8
"778",807,67955,79,1,88,3,2,1,1,1,1,4,7,0,8
"779",808,67970,67,1,7,2,2,2,2,1,2,6,7,6,8
"780",809,68008,72,2,77,3,2,1,1,1,1,4,2,1,5
"781",810,68027,36,2,6,2,2,2,1,1,2,6,6,4,7
"782",811,68080,49,1,10,3,1,1,1,2,1,4,1,4,8
"783",812,68105,64,2,4,3,2,2,1,1,2,4,3,4,8
"784",813,68115,53,1,6,2,2,2,1,2,1,4,6,7,8
"785",814,68129,71,2,2,1,1,2,1,4,3,6,7,1,5
"786",815,68149,61,2,8,2,2,1,1,1,2,4,3,4,9
"787",816,68171,90,2,5,3,2,1,1,2,2,4,1,7,9
"788",817,68177,75,1,77,3,2,2,2,2,3,6,3,7,8
"789",818,68193,36,2,2,3,2,1,1,1,2,6,7,4,5
"790",819,68220,64,1,8,3,2,1,1,1,2,5,2,5,7
"791",820,68227,58,1,77,2,2,1,2,1,1,4,7,0,8
"792",821,68247,54,2,10,3,2,1,1,1,2,6,2,3,8
"793",822,68253,64,1,2,3,2,1,1,1,1,1,4,3,10
"794",823,68259,27,1,6,3,2,2,2,1,2,6,4,7,8
"795",824,68268,37,2,2,2,2,2,1,2,3,6,6,7,5
"796",825,68272,41,2,88,2,2,2,2,2,2,6,3,7,1
"797",826,68273,32,1,8,3,2,1,2,1,1,4,3,4,8
"798",827,68279,48,2,8,3,2,1,2,1,2,6,1,3,7
"799",828,68309,38,1,10,2,1,2,2,2,1,6,6,1,6
"800",829,68326,71,2,10,2,2,2,2,2,3,4,3,0,5
"801",830,68361,33,2,8,3,2,2,1,1,2,6,4,3,8
"802",831,68417,66,2,88,2,2,2,2,2,3,1,7,3,5
"803",833,68502,25,2,77,3,2,1,1,1,1,6,2,7,8
"804",834,68505,81,1,77,2,2,1,1,1,1,4,7,0,7
"805",835,68522,79,1,77,1,2,1,1,1,2,6,2,0,8
"806",836,68528,38,2,9,2,1,2,2,2,3,5,7,2,7
"807",838,68643,69,1,6,3,2,1,1,1,1,4,2,6,10
"808",839,68648,21,2,4,3,2,1,1,1,1,3,3,2,7
"809",841,68683,36,2,10,2,1,1,1,1,3,4,3,2,5
"810",842,68684,44,1,4,3,2,1,1,1,1,2,6,1,5
"811",843,68706,48,1,2,2,2,1,1,1,1,4,3,7,5
"812",844,68744,41,1,9,2,2,2,1,1,2,4,3,7,7
"813",845,68746,37,1,77,3,2,1,2,1,3,6,2,2,7
"814",846,68771,64,1,7,3,2,1,2,1,1,5,2,7,7
"815",847,68795,33,1,9,1,2,1,1,1,2,6,3,2,8
"816",848,68823,62,1,4,2,2,2,3,2,3,4,7,2,6
"817",849,68824,50,2,77,3,2,1,2,1,1,4,2,3,7
"818",850,68887,61,1,10,3,2,1,1,1,1,6,2,4,8
"819",851,68908,41,2,2,2,2,2,1,2,3,4,4,7,9
"820",852,68955,66,1,4,3,2,1,1,1,1,1,7,4,10
"821",853,68969,20,2,88,3,1,1,1,1,1,6,7,3,5
"822",854,68985,74,2,3,1,2,2,4,1,4,4,7,0,5
"823",855,68988,57,2,3,3,2,2,1,2,1,6,5,3,7
"824",856,69000,42,2,7,3,2,1,1,1,1,4,7,7,10
"825",857,69003,78,1,2,1,2,1,1,1,4,6,7,0,5
"826",858,69020,66,2,88,2,2,2,2,2,1,6,7,7,10
"827",859,69022,35,2,6,2,1,2,2,2,2,6,5,0,7
"828",860,69028,81,2,77,1,2,2,2,2,3,4,5,0,6
"829",861,69041,59,2,88,2,2,2,1,1,2,6,6,7,5
"830",862,69042,27,1,7,3,2,2,2,1,2,6,3,3,7
"831",863,69050,21,2,10,3,1,2,2,2,4,4,5,0,7
"832",864,69054,31,1,7,3,1,1,1,1,2,4,2,5,7
"833",865,69073,33,2,1,3,1,2,3,2,1,4,5,5,7
"834",866,69093,32,2,3,3,2,1,1,1,1,6,3,1,10
"835",867,69130,60,1,10,3,2,1,2,1,2,6,1,7,5
"836",868,69144,81,2,5,2,2,2,2,1,1,1,7,0,5
"837",869,69148,72,2,9,2,2,2,1,1,4,6,1,7,9
"838",870,69169,26,2,10,3,2,2,1,1,3,4,2,4,8
"840",872,69202,75,1,3,2,2,2,2,2,2,4,2,0,7
"841",873,69220,55,2,4,3,1,3,2,1,4,2,6,0,3
"842",874,69227,73,1,10,3,2,1,1,2,1,6,7,7,9
"844",876,69261,54,2,10,3,2,2,1,4,2,6,6,1,8
"845",877,69296,74,2,1,2,2,1,1,1,3,5,5,7,10
"846",879,69320,34,1,5,3,2,1,1,1,2,4,4,1,7
"847",880,69338,30,1,5,2,2,2,2,1,1,4,4,1,7
"848",881,69356,57,2,8,1,1,2,3,2,3,6,5,0,10
"849",882,69383,53,1,10,3,2,2,1,2,1,1,2,7,5
"850",883,69397,47,2,7,3,1,2,3,4,2,4,3,4,8
"851",884,69406,75,1,4,3,2,1,1,1,1,5,1,7,7
"852",885,69431,56,2,1,3,2,2,1,1,2,6,3,4,8
"853",886,69456,49,2,8,3,2,2,2,2,3,1,6,7,3
"854",887,69470,61,1,77,3,2,1,1,1,1,3,7,7,10
"855",888,69480,36,2,2,3,2,2,1,1,1,6,7,0,5
"856",889,69537,32,1,2,1,1,2,1,2,4,6,7,0,10
"857",890,69591,82,1,88,2,2,3,1,4,4,4,7,0,10
"858",891,69705,80,2,5,1,1,2,2,1,1,6,6,0,7
"859",892,69709,69,1,2,2,2,3,3,3,1,4,1,0,5
"860",893,69732,32,2,3,3,2,1,1,1,1,6,6,7,7
"861",894,69811,68,2,4,3,2,2,2,1,1,4,2,3,4
"862",895,69813,36,1,77,3,2,1,2,1,2,6,5,2,10
"863",896,69851,36,1,7,3,2,1,1,1,2,6,2,4,7
"864",897,69874,60,1,77,3,2,1,1,1,1,6,3,5,7
"865",898,69882,75,1,6,3,1,1,1,1,2,4,3,7,9
"866",899,69887,72,2,1,3,2,1,2,1,3,4,3,7,8
"867",900,69910,76,1,7,2,2,1,1,1,1,6,1,3,8
"868",901,69913,68,1,10,3,2,1,1,1,2,5,2,4,9
"869",902,69916,38,1,1,3,2,1,1,1,1,6,7,7,10
"870",903,69920,48,2,2,3,2,3,3,4,1,6,6,7,9
"871",904,69921,32,1,9,3,1,1,1,1,2,4,4,7,8
"872",905,69950,72,1,1,3,2,2,1,2,4,6,3,7,5
"873",907,69983,53,1,77,3,2,1,3,1,4,6,7,2,9
"874",908,69986,59,1,10,2,2,2,4,4,3,6,1,4,4
"875",909,69990,36,1,10,3,2,1,1,1,3,6,4,7,9
"876",910,70000,51,1,3,3,1,4,4,4,2,2,7,3,2
"877",912,70012,26,2,6,3,2,1,1,1,3,6,3,5,6
"878",913,70026,59,2,8,3,2,1,1,1,2,5,2,7,7
"879",914,70037,78,2,2,3,2,1,1,1,1,4,4,4,7
"880",915,70125,54,1,77,3,2,1,2,1,2,6,4,3,10
"881",916,70128,30,2,10,3,2,2,1,1,2,5,4,2,6
"882",917,70131,54,2,1,1,2,3,3,2,4,4,7,2,4
"883",918,70134,72,2,1,2,2,2,2,1,2,6,2,3,3
"884",919,70184,56,1,10,3,2,1,2,1,2,6,2,6,8
"885",920,70187,72,2,77,2,2,1,1,1,1,5,6,0,2
"886",921,70235,33,2,3,1,1,3,3,3,3,2,3,0,2
"887",922,70258,82,2,1,3,2,1,1,1,1,6,1,1,10
"888",923,70264,79,1,77,3,2,2,1,2,1,4,3,2,7
"889",924,70276,72,2,2,3,2,1,2,1,2,1,3,2,10
"890",925,70287,47,2,7,3,2,2,1,1,2,6,4,7,8
"891",927,70355,60,2,77,3,2,2,1,1,2,6,4,1,7
"892",928,70387,51,2,5,3,2,1,1,1,2,4,6,2,7
"893",929,70396,39,1,5,3,1,2,2,2,2,4,7,7,8
"894",930,70397,28,2,7,3,2,2,2,2,2,2,7,7,2
"895",931,70404,86,2,88,3,2,2,2,1,1,4,7,0,9
"896",932,70431,72,1,4,2,2,1,1,1,1,4,6,0,7
"897",933,70448,47,1,10,3,2,1,1,1,2,5,5,2,8
"898",934,70453,81,1,1,1,2,2,1,1,4,4,7,0,8
"899",935,70457,44,2,4,1,1,4,4,4,4,1,6,0,3
"900",936,70460,79,1,7,3,2,2,1,1,1,6,2,7,8
"901",937,70461,19,2,3,3,2,2,2,1,2,6,3,2,6
"902",938,70502,31,2,1,3,1,2,1,2,2,5,6,7,10
"903",939,70537,74,2,2,2,2,2,3,2,3,2,6,1,7
"904",941,70561,71,2,1,2,2,1,1,1,2,6,7,6,6
"905",942,70573,72,2,77,3,2,2,2,2,3,6,7,3,6
"906",943,70579,58,2,1,3,2,1,1,1,2,6,6,7,7
"907",944,70609,57,2,1,2,1,2,2,2,4,4,7,7,5
"908",945,70616,22,1,2,2,2,2,2,3,2,6,3,4,8
"909",946,70630,30,1,7,3,2,1,1,1,4,5,5,7,10
"911",948,70650,58,1,6,3,2,1,1,1,1,6,2,3,7
"912",949,70655,40,2,4,3,1,1,1,1,3,5,6,7,8
"913",950,70674,30,2,8,3,2,3,2,1,3,6,7,2,10
"914",951,70676,65,1,2,1,2,1,2,1,1,4,5,0,6
"915",952,70686,63,2,5,3,2,1,2,1,2,6,2,7,3
"916",953,70687,22,2,2,3,2,1,1,1,1,6,7,0,10
"917",954,70721,79,1,3,2,2,1,1,1,2,6,6,7,9
"918",955,70745,77,1,3,2,2,1,1,1,1,4,7,2,9
"919",956,70767,72,1,4,3,1,1,1,1,1,4,3,3,8
"920",957,70837,38,1,1,3,2,2,3,2,2,1,2,7,3
"921",958,70860,58,2,6,3,1,1,1,1,1,6,4,7,4
"922",959,70861,46,2,5,3,2,1,1,1,3,4,5,2,8
"923",960,70900,86,2,77,2,2,1,2,1,1,6,7,0,8
"924",961,70902,45,2,5,1,1,1,2,2,2,6,7,0,7
"925",962,70927,58,2,6,3,2,2,2,1,1,6,3,5,8
"926",964,71005,68,2,88,2,1,2,1,2,4,6,4,2,2
"927",965,71014,68,1,10,3,2,1,1,1,1,6,7,4,10
"928",966,71031,56,1,88,2,2,1,1,1,1,4,1,7,10
"929",967,71045,52,1,5,2,2,1,1,1,2,2,5,7,7
"930",968,71077,24,1,6,2,2,3,3,3,3,4,3,7,4
"931",969,71084,78,1,10,3,2,2,1,2,2,6,7,4,8
"932",970,71108,75,1,2,2,1,1,1,1,1,6,7,2,7
"933",971,71124,36,1,10,3,2,1,2,1,2,6,3,4,8
"935",973,71149,76,2,8,3,2,1,1,1,4,4,7,2,9
"936",974,71191,31,1,1,2,2,1,2,1,2,6,7,2,8
"937",975,71266,39,1,9,3,2,1,1,1,2,6,3,3,5
"938",976,71310,72,1,5,2,2,3,1,3,3,4,6,7,10
"939",977,71332,55,1,77,3,2,2,1,2,1,1,2,4,7
"940",978,71342,57,2,1,1,1,3,2,2,3,5,4,2,6
"941",979,71385,56,1,88,3,2,1,1,1,1,4,2,5,5
"942",980,71404,61,2,8,3,2,2,1,1,2,4,2,7,8
"943",981,71411,33,2,2,2,2,3,4,3,4,1,5,0,0
"944",982,71413,63,2,77,1,1,2,3,3,4,5,2,0,8
"945",983,71425,36,2,88,3,2,2,2,1,1,6,2,2,6
"946",984,71438,60,1,3,2,2,1,2,1,2,6,2,2,8
"947",985,71444,61,1,4,3,1,2,2,2,1,2,2,0,10
"949",988,71523,75,1,7,3,1,2,1,2,2,4,2,7,6
"950",989,71532,90,2,77,3,2,2,2,1,1,6,1,0,9
"951",990,71553,74,2,4,3,2,2,2,1,1,6,2,6,7
"952",991,71568,56,2,3,3,2,1,2,1,1,3,1,7,7
"953",992,71570,49,1,77,3,2,1,1,1,1,6,4,5,7
"954",993,71577,55,1,7,3,1,2,2,2,2,4,2,1,8
"955",994,71591,45,1,1,1,1,3,3,3,2,1,7,0,3
"956",995,71613,62,2,10,2,2,1,1,1,2,6,7,5,10
"957",996,71617,38,1,10,3,2,1,1,1,1,6,2,5,8
"958",997,71644,32,1,3,3,2,1,2,1,2,6,6,2,8
"959",998,71646,20,2,88,3,2,2,2,1,2,1,6,5,5
"960",999,71651,43,2,9,3,2,2,2,1,2,6,5,7,6
"961",1000,71664,60,2,3,1,1,1,1,1,1,6,4,0,8
"962",1001,71758,54,2,6,3,2,2,1,1,2,2,6,5,10
"963",1002,71832,32,2,2,3,2,2,2,2,4,2,5,1,7
"964",1004,71890,41,2,9,3,2,2,2,2,2,1,7,5,7
"965",1005,71911,79,1,88,1,2,1,2,1,1,6,2,0,0
"966",1007,71968,28,1,77,3,2,1,2,1,1,6,3,5,10
"967",1008,71975,30,2,10,3,2,1,2,1,1,6,3,7,10
"968",1009,71994,33,2,5,3,1,2,2,2,4,5,7,7,7
"970",1011,72053,51,2,10,3,2,2,1,1,2,6,2,5,7
"971",1012,72078,36,2,77,3,2,2,1,2,1,3,3,4,8
"972",1013,72098,79,1,88,1,1,3,3,2,3,4,1,0,2
"973",1014,72116,36,1,8,3,1,2,1,2,4,5,4,7,7
"974",1015,72140,78,2,88,3,2,2,3,2,1,2,1,7,9
"975",1016,72174,63,2,3,3,1,2,1,1,4,5,2,1,6
"976",1017,72191,32,1,77,3,2,2,1,1,1,6,3,5,8
"977",1018,72251,76,1,77,2,2,1,2,1,2,4,2,2,6
"978",1019,72266,68,2,5,3,2,1,1,1,2,6,6,1,9
"979",1020,72291,48,2,77,3,2,2,1,2,2,6,4,7,8
"980",1021,72307,46,2,77,2,1,2,2,2,2,2,7,7,8
"981",1022,72328,69,2,88,3,2,1,1,1,1,4,6,7,7
"982",1023,72344,54,2,7,2,1,1,1,1,2,6,2,4,9
"983",1024,72349,32,2,77,3,2,1,1,1,2,3,3,3,7
"984",1025,72350,80,1,5,2,2,2,2,1,2,4,1,3,8
"985",1026,72358,24,1,77,3,2,1,1,1,2,6,7,4,8
"986",1027,72372,38,2,2,3,1,2,2,2,2,2,2,7,6
"987",1028,72401,35,1,77,3,2,1,1,1,2,6,7,4,5
"988",1029,72405,37,1,8,3,2,1,1,2,4,6,7,1,7
"989",1030,72411,60,2,5,1,1,2,2,1,2,6,7,1,7
"990",1032,72414,78,2,1,3,1,2,2,1,1,6,6,5,4
"991",1033,72419,32,2,88,3,2,2,2,2,1,5,7,1,6
"992",1034,72423,32,2,2,3,2,1,4,1,4,6,6,7,7
"993",1035,72427,31,2,7,3,2,2,2,2,2,4,6,7,10
"994",1036,72439,82,1,77,2,2,2,1,2,1,6,1,0,7
"995",1037,72444,33,1,7,3,1,2,1,1,2,3,3,3,8
"996",1038,72476,55,2,1,2,1,1,1,1,1,5,7,7,2
"997",1039,72505,47,2,8,2,1,2,1,2,1,4,7,0,6
"998",1040,72510,37,2,10,3,2,1,1,1,3,6,6,4,9
"999",1041,72528,62,2,10,3,1,1,1,1,1,5,2,3,8
"1000",1042,72540,40,1,1,3,1,1,1,1,1,3,3,2,8
"1001",1043,72548,50,2,8,3,2,2,2,1,1,6,2,2,7
"1002",1044,72550,38,2,10,3,2,1,2,1,1,4,2,3,8
"1003",1045,72557,74,1,7,3,2,1,1,1,2,6,2,7,8
"1004",1046,72567,25,1,9,3,2,2,2,1,1,6,7,5,7
"1005",1047,72569,76,1,3,3,2,1,1,1,1,4,2,7,10
"1006",1048,72579,69,2,77,1,2,3,1,1,4,4,2,0,3
"1007",1049,72593,27,1,77,3,1,2,2,1,1,6,5,3,7
"1008",1050,72625,68,1,6,3,2,1,1,1,1,6,2,3,8
"1009",1051,72639,19,1,6,3,2,2,2,1,1,6,3,6,7
"1010",1052,72640,35,2,2,2,1,1,1,1,3,4,7,3,8
"1011",1053,72708,39,2,2,3,2,1,1,1,1,6,7,7,7
"1012",1054,72733,31,2,3,3,2,1,1,1,2,6,4,1,5
"1013",1055,72764,24,2,3,3,1,1,1,1,1,4,6,7,5
"1014",1056,72767,25,2,10,3,2,3,2,2,2,5,4,2,4
"1015",1057,72769,34,1,77,3,2,1,1,1,1,2,5,5,10
"1016",1058,72789,90,2,77,1,2,1,3,1,1,6,7,0,8
"1017",1059,72836,60,1,77,3,1,2,2,1,2,6,4,5,4
"1018",1060,72845,53,2,77,3,2,1,1,1,1,4,5,7,10
"1019",1061,72853,61,2,2,2,1,1,2,1,2,4,3,7,6
"1020",1062,72879,75,1,2,2,2,1,1,1,2,4,4,2,8
"1021",1063,72924,18,2,88,2,1,2,2,1,2,6,4,3,6
"1022",1064,72933,70,2,1,1,1,4,4,4,4,4,7,0,7
"1023",1065,72973,52,2,3,3,2,1,2,1,1,6,5,7,7
"1024",1066,72997,47,1,3,3,2,2,2,1,4,6,5,7,10
"1025",1067,73005,30,1,10,3,2,1,1,1,2,4,5,3,7
"1026",1068,73080,50,1,1,1,2,3,2,3,3,4,7,4,3
"1027",1069,73082,56,1,9,1,2,2,3,2,3,6,3,0,6
"1028",1070,73086,56,1,8,3,2,1,1,1,2,3,3,3,7
"1029",1071,73108,59,2,77,1,2,1,1,1,1,6,3,0,7
"1030",1072,73112,49,1,10,2,2,2,1,2,1,4,3,3,8
"1031",1073,73113,22,1,10,3,2,2,2,1,2,6,3,4,8
"1032",1074,73123,43,2,88,3,2,1,1,1,1,6,7,4,10
"1033",1075,73158,66,2,77,1,1,3,3,3,3,6,7,5,1
"1034",1076,73205,75,1,2,3,1,1,1,1,1,4,1,7,10
"1035",1077,73223,37,2,7,3,2,3,2,3,4,4,5,0,5
"1036",1079,73280,65,1,2,2,2,1,2,1,2,2,3,2,8
"1037",1080,73285,59,2,7,3,2,2,2,2,3,6,7,5,10
"1038",1081,73339,37,1,7,3,1,2,2,2,3,2,2,7,7
"1039",1082,73387,29,1,9,3,2,2,1,1,2,6,6,7,3
"1040",1083,73423,60,1,1,1,2,2,1,2,4,4,6,2,9
"1041",1084,73424,27,1,77,3,2,2,1,1,1,6,3,4,7
"1042",1085,73427,44,1,88,3,2,1,1,1,1,6,3,1,8
"1043",1087,73471,83,2,88,3,2,2,2,1,2,1,6,0,4
"1044",1088,73512,65,2,3,3,1,2,1,1,1,5,2,7,7
"1045",1089,73527,50,1,8,3,2,2,1,1,1,6,3,0,8
"1046",1090,73556,62,2,1,1,1,3,3,4,2,6,4,4,4
"1047",1091,73585,38,2,10,3,1,1,1,1,1,3,4,7,8
"1048",1092,73616,33,1,88,1,2,3,3,2,4,2,7,1,1
"1049",1093,73622,67,1,2,3,2,2,3,2,3,4,4,2,2
"1050",1094,73628,50,2,88,3,2,1,2,1,1,4,4,3,10
"1051",1095,73651,57,2,77,2,1,2,2,2,3,1,6,0,6
"1052",1096,73717,17,2,88,3,2,1,2,1,1,6,6,5,8
"1053",1097,73729,64,2,5,2,2,2,2,2,2,6,2,7,4
"1054",1098,73757,62,2,4,1,2,3,4,3,4,6,6,0,5
"1055",1099,73767,41,1,77,3,2,1,1,1,1,6,3,2,7
"1056",1100,73771,55,1,8,3,2,2,1,2,1,6,3,3,10
"1057",1101,73792,73,2,2,3,2,3,2,3,2,6,6,4,6
"1058",1102,73802,45,2,3,3,2,1,1,1,3,4,3,7,7
"1059",1103,73813,29,1,8,3,1,2,2,1,2,4,7,7,8
"1060",1104,73832,67,2,77,1,1,1,2,1,3,6,6,5,5
"1061",1106,73853,64,1,6,3,2,2,2,1,1,4,2,5,8
"1062",1107,73862,59,1,6,3,1,2,1,1,1,6,7,3,2
"1063",1108,73878,33,1,4,3,2,2,1,2,1,6,6,1,9
"1064",1109,73879,29,1,10,3,1,2,1,2,2,5,3,5,7
"1065",1110,73915,33,2,2,1,1,2,2,3,3,1,7,0,5
"1066",1111,73950,40,2,10,3,2,1,2,1,2,5,4,5,8
"1067",1112,74002,41,2,77,2,2,1,1,1,1,6,7,2,7
"1068",1113,74045,67,2,4,1,1,2,3,2,3,4,6,0,8
"1069",1114,74049,76,1,5,3,2,1,1,2,3,6,2,6,9
"1070",1115,74051,33,1,6,2,2,1,1,1,2,5,3,7,7
"1071",1116,74061,34,2,2,3,1,1,2,1,3,6,3,5,6
"1072",1117,74097,36,2,3,3,2,1,1,1,2,5,3,4,7
"1073",1118,74106,27,1,5,3,2,1,1,1,2,6,5,7,8
"1074",1119,74141,83,2,77,2,1,2,1,2,4,4,6,5,2
"1075",1120,74146,19,1,10,3,2,1,2,1,4,5,3,4,7
"1076",1121,74172,43,2,1,3,2,2,2,1,3,1,3,7,8
"1077",1122,74198,29,2,8,3,1,2,1,2,2,6,6,0,6
"1078",1123,74228,69,1,88,3,2,2,2,2,1,6,2,4,9
"1079",1124,74251,72,2,77,3,2,1,2,1,1,6,3,0,8
"1080",1125,74276,48,1,10,3,1,1,1,1,2,4,2,7,8
"1081",1126,74291,29,2,77,3,2,1,1,1,1,5,4,4,7
"1082",1127,74305,69,2,1,2,2,2,3,2,4,1,2,7,7
"1083",1128,74310,25,2,4,2,1,3,3,3,4,5,5,2,5
"1084",1129,74312,76,1,2,3,2,1,1,1,1,4,7,7,10
"1085",1130,74316,70,2,77,3,2,2,1,1,2,6,7,7,7
"1086",1131,74323,55,1,7,2,2,2,1,1,1,2,6,0,9
"1087",1132,74327,77,1,10,3,2,1,1,1,1,6,1,7,8
"1088",1133,74427,59,2,77,2,2,2,2,1,2,2,2,0,8
"1089",1134,74428,72,2,3,3,2,1,1,1,1,4,7,7,10
"1090",1135,74442,72,2,2,2,2,1,1,1,1,6,7,3,10
"1091",1136,74467,80,1,5,3,2,1,2,1,1,6,2,7,5
"1092",1137,74468,66,2,5,1,1,2,2,2,3,4,6,1,4
"1093",1138,74477,56,1,9,3,2,1,1,1,3,4,3,7,8
"1094",1139,74478,90,2,77,2,2,1,1,1,1,6,7,0,8
"1095",1140,74497,53,2,88,3,2,2,1,1,2,6,6,7,9
"1096",1141,74511,30,1,7,3,1,1,2,1,2,4,3,3,8
"1097",1142,74551,37,2,6,3,2,1,1,1,1,6,3,7,8
"1098",1143,74565,62,1,77,1,2,1,1,1,3,1,1,0,5
"1099",1144,74580,70,2,6,2,1,1,1,1,1,5,6,4,7
"1100",1145,74613,28,2,77,3,2,2,2,1,2,6,7,2,5
"1101",1146,74663,45,1,9,3,2,1,1,1,2,6,4,5,6
"1102",1147,74677,53,2,1,3,2,1,1,1,1,6,7,4,8
"1103",1148,74744,69,2,77,3,2,2,2,3,3,6,2,7,9
"1104",1149,74755,23,2,88,2,2,1,2,1,1,6,7,4,8
"1105",1150,74756,25,1,2,3,2,3,3,2,2,6,3,7,2
"1106",1151,74806,34,1,9,3,2,1,1,1,2,6,2,7,8
"1107",1152,74855,26,2,88,3,2,2,1,1,2,6,2,5,4
"1108",1153,74864,89,2,1,1,2,1,1,1,2,6,7,0,5
"1109",1154,74891,70,1,2,2,2,2,2,1,2,4,4,7,5
"1110",1155,74895,47,2,9,2,2,3,2,1,2,6,7,0,5
"1111",1156,74900,35,1,77,3,2,1,1,1,1,3,7,5,7
"1112",1157,74926,47,2,77,3,2,1,1,2,2,5,7,4,9
"1113",1158,74941,75,2,2,1,1,1,2,1,4,6,7,1,9
"1114",1160,74994,43,1,5,3,2,2,2,1,1,4,4,7,6
"1115",1161,75011,85,1,1,3,2,2,1,2,4,6,6,7,7
"1116",1162,75046,57,2,8,3,1,1,1,1,1,5,6,2,9
"1117",1163,75056,50,1,3,3,2,2,2,2,1,1,2,5,5
"1118",1164,75068,25,2,7,3,2,2,4,4,2,3,3,3,7
"1119",1166,75092,26,2,7,3,2,2,2,1,2,5,3,4,10
"1120",1167,75131,32,2,9,3,2,4,1,1,1,5,3,3,8
"1121",1168,75161,65,1,1,2,2,1,1,1,1,6,2,7,9
"1122",1169,75173,85,2,88,1,2,1,2,2,1,4,3,0,9
"1123",1170,75175,44,2,7,2,2,2,1,2,4,6,2,0,6
"1124",1171,75183,68,2,4,3,2,1,1,1,2,6,6,7,10
"1125",1172,75196,38,2,10,2,1,2,4,2,2,6,4,0,8
"1126",1173,75231,21,2,88,3,1,1,1,1,2,6,4,7,6
"1127",1174,75252,45,2,77,3,2,1,1,1,1,4,7,7,7
"1128",1175,75273,58,1,2,2,1,1,1,1,3,4,2,0,6
"1129",1176,75280,64,1,9,3,2,1,1,1,1,6,3,5,6
"1130",1177,75311,70,1,3,3,2,2,2,2,1,1,1,0,9
"1131",1179,75346,62,1,8,3,2,1,2,1,2,4,2,1,8
"1132",1180,75372,60,1,6,2,2,1,2,1,3,4,2,4,6
"1133",1181,75380,65,2,5,3,2,1,1,1,1,6,2,1,9
"1134",1183,75429,69,1,2,3,2,3,1,1,1,6,2,7,8
"1135",1185,75450,49,2,6,3,1,1,2,2,2,1,1,7,4
"1136",1186,75452,26,1,7,3,2,2,2,2,2,6,5,4,8
"1137",1187,75458,82,1,77,2,2,2,1,1,2,4,7,4,8
"1138",1188,75460,56,1,4,3,2,1,1,1,1,6,6,7,7
"1139",1189,75464,61,2,10,3,2,1,1,1,2,6,4,2,6
"1140",1190,75508,35,1,5,3,1,4,1,2,2,4,1,7,1
"1141",1191,75545,72,2,4,2,1,2,2,1,1,4,1,1,10
"1142",1192,75622,67,1,88,2,1,2,1,3,2,6,7,7,10
"1143",1193,75624,33,2,77,3,2,2,1,1,3,6,6,4,6
"1144",1194,75626,17,1,9,3,2,1,1,1,1,6,6,6,6
"1145",1195,75630,40,2,9,1,2,3,2,3,2,4,2,5,0
"1146",1196,75725,66,1,6,3,2,1,1,1,1,1,1,2,10
"1147",1197,75766,16,1,88,3,2,1,1,1,1,6,7,5,7
"1148",1198,75783,31,2,6,3,2,1,1,1,1,4,4,3,8
"1149",1199,75825,89,2,5,1,2,1,2,1,1,6,1,0,8
"1150",1200,75844,73,2,3,3,2,2,1,2,1,6,6,7,8
"1151",1201,75872,50,2,77,3,1,1,1,1,3,4,3,7,6
"1152",1202,75873,29,1,8,3,1,1,2,1,4,6,3,6,2
"1153",1203,75889,80,1,2,1,2,2,3,2,3,2,1,0,6
"1154",1204,75907,28,1,10,3,2,1,1,1,1,6,7,7,8
"1155",1205,75922,39,2,77,1,2,3,1,2,1,6,7,0,6
"1156",1206,75948,70,2,2,2,2,1,1,1,2,4,6,0,8
"1157",1207,75961,73,1,77,2,2,1,1,2,4,6,2,0,5
"1158",1208,75969,68,2,5,3,1,2,2,1,3,6,6,7,7
"1159",1209,75977,79,1,10,1,2,2,1,2,2,1,4,0,4
"1160",1210,75986,66,1,3,3,1,2,1,1,1,4,2,0,9
"1161",1211,75988,85,2,1,1,1,3,3,3,2,6,7,0,3
"1162",1212,75992,60,2,1,3,2,1,1,1,2,6,6,7,5
"1163",1213,76013,62,1,6,3,2,1,1,1,1,6,2,3,8
"1164",1214,76046,33,1,10,3,1,1,1,1,1,6,2,7,7
"1165",1215,76052,23,1,77,2,1,2,2,1,3,2,4,5,7
"1166",1216,76063,35,2,6,3,1,1,1,1,1,3,2,7,5
"1168",1218,76082,36,1,10,3,2,1,1,1,1,6,7,1,10
"1169",1219,76087,27,1,5,2,1,2,3,2,4,4,2,2,3
"1170",1220,76095,81,1,3,2,2,1,1,1,2,6,7,7,7
"1171",1221,76100,53,2,77,3,2,1,1,1,1,6,3,5,8
"1172",1222,76104,61,1,2,2,1,2,2,2,2,4,3,7,6
"1173",1223,76123,41,2,8,3,1,1,1,1,2,6,4,7,7
"1174",1224,76127,70,2,77,3,2,1,1,1,1,6,4,2,8
"1175",1225,76129,57,1,1,1,2,2,2,2,1,4,2,3,6
"1176",1226,76150,78,2,77,1,2,2,1,1,1,6,6,0,8
"1177",1227,76153,77,2,1,3,2,1,1,1,4,6,4,6,10
"1178",1228,76165,75,1,4,2,1,2,1,1,2,4,4,4,5
"1179",1229,76174,29,2,7,2,1,2,2,1,3,6,5,5,8
"1180",1230,76208,67,2,8,3,2,1,2,1,1,6,6,3,9
"1181",1231,76245,48,2,77,3,2,1,1,1,1,6,7,0,10
"1182",1232,76270,67,1,77,1,2,2,2,4,3,6,7,0,4
"1183",1233,76283,53,1,10,2,2,2,2,2,4,4,2,5,7
"1184",1234,76285,41,2,9,3,2,2,1,1,2,6,5,3,7
"1185",1235,76293,57,1,8,3,2,1,1,2,1,6,3,7,10
"1186",1236,76346,47,1,4,3,2,1,1,1,1,6,7,7,8
"1187",1237,76355,70,2,2,3,2,2,3,1,3,6,3,7,3
"1188",1238,76394,24,1,5,3,2,2,2,1,2,6,4,7,8
"1189",1239,76502,56,2,5,3,1,2,1,1,2,5,6,5,6
"1191",1241,76531,33,1,77,3,2,1,1,1,1,6,5,5,5
"1192",1242,76562,43,2,9,2,2,2,2,2,4,3,3,7,7
"1193",1243,76568,20,1,77,3,2,2,1,1,2,6,7,7,7
"1194",1244,76632,74,1,77,3,2,2,2,2,2,6,5,3,4
"1195",1245,76656,66,2,3,2,1,2,2,2,3,4,6,4,8
"1196",1246,76664,83,1,4,1,2,1,2,1,1,4,3,0,7
"1197",1247,76701,71,1,1,2,2,2,1,2,1,6,7,7,7
"1198",1248,76735,89,2,77,2,2,2,1,2,1,4,7,3,4
"1199",1249,76781,30,1,10,3,2,1,1,1,1,5,3,4,9
"1200",1250,76855,81,2,2,3,2,1,1,1,1,3,2,4,0
"1201",1251,76856,24,1,88,3,2,1,1,2,3,6,6,2,7
"1202",1252,76889,34,1,10,3,2,1,2,1,3,4,2,4,8
"1203",1253,76895,48,2,1,3,2,2,2,2,2,1,4,3,5
"1204",1254,76917,61,2,8,3,2,1,1,1,1,5,5,4,9
"1205",1255,76960,71,1,1,1,1,2,2,2,3,1,7,0,6
"1206",1256,76968,69,2,77,3,2,1,1,1,1,6,7,4,7
"1207",1257,76982,33,2,77,3,2,2,2,1,2,6,6,7,7
"1208",1258,76991,20,2,77,3,1,2,2,1,1,3,5,5,2
"1209",1259,77005,74,2,2,3,2,2,2,2,4,4,7,7,10
"1210",1260,77019,33,2,2,3,2,4,4,4,4,6,7,7,0
"1211",1261,77021,63,2,9,3,2,2,1,1,2,6,3,5,8
"1213",1263,77052,26,1,3,3,2,2,1,1,2,3,2,7,8
"1214",1264,77088,36,2,2,1,2,2,3,2,4,4,6,0,7
"1215",1265,77110,68,1,77,3,2,1,1,1,1,4,7,3,8
"1216",1266,77151,75,1,88,1,2,2,3,3,2,4,3,0,5
"1217",1267,77176,77,1,4,2,2,1,1,1,2,4,1,7,6
"1218",1268,77177,48,2,8,2,2,1,1,1,2,4,4,2,8
"1219",1269,77180,50,2,77,3,1,1,1,1,4,1,7,0,5
"1220",1270,77215,38,1,8,3,2,1,1,1,1,6,1,7,4
"1221",1271,77229,18,2,10,3,2,4,2,2,3,5,3,2,8
"1222",1272,77239,47,1,77,3,2,1,1,1,2,6,7,3,8
"1223",1273,77255,84,1,1,3,1,1,2,1,3,6,3,7,8
"1224",1274,77281,75,2,88,3,2,1,1,1,1,5,4,3,6
"1225",1275,77317,48,1,4,1,1,4,4,4,3,6,6,0,1
"1226",1276,77323,90,1,3,3,2,1,1,1,1,6,2,4,7
"1227",1277,77331,82,1,1,1,2,1,2,2,2,2,1,0,7
"1228",1278,77360,64,2,5,3,2,2,2,1,1,6,5,0,10
"1229",1279,77440,33,2,7,3,2,1,1,1,1,2,3,3,7
"1230",1280,77449,89,1,77,2,2,1,2,1,3,6,7,0,5
"1231",1281,77519,40,1,77,3,2,1,1,1,1,6,7,3,8
"1232",1282,77522,73,1,9,1,2,4,3,4,4,6,7,0,0
"1233",1283,77534,36,2,10,3,1,1,2,1,1,5,4,7,6
"1234",1284,77561,44,2,3,3,2,1,1,1,2,4,7,3,2
"1235",1285,77593,36,2,1,1,1,3,3,3,4,6,3,1,4
"1236",1286,77596,41,1,77,3,2,1,1,1,1,4,4,0,7
"1237",1288,77603,48,2,77,3,1,2,1,1,4,6,6,3,10
"1238",1289,77640,53,2,77,3,2,2,3,1,3,6,7,2,7
"1239",1290,77643,69,1,77,2,2,2,1,1,3,6,3,0,8
"1240",1291,77697,24,1,5,2,2,1,2,2,2,2,7,6,7
"1241",1292,77710,56,2,8,3,2,1,1,2,2,6,7,4,7
"1242",1293,77711,26,2,10,3,2,1,1,1,2,6,3,6,7
"1243",1294,77749,49,1,7,3,1,2,1,1,3,6,2,5,4
"1244",1295,77786,63,2,5,2,1,1,1,2,1,4,3,1,7
"1245",1296,77788,78,2,5,3,2,2,3,1,4,4,2,3,7
"1246",1297,77823,50,1,77,3,2,2,2,2,2,6,3,5,4
"1247",1298,77879,54,2,1,3,1,2,1,1,3,4,3,0,7
"1248",1300,77917,87,1,77,1,2,1,1,1,1,5,7,0,7
"1249",1301,77929,57,1,8,3,2,2,2,1,2,1,1,0,7
"1250",1302,77936,59,2,10,2,1,2,2,1,3,4,4,2,3
"1251",1303,77955,81,1,3,1,2,1,4,1,1,4,3,0,6
"1252",1304,77960,70,2,88,3,2,1,1,1,1,6,7,7,10
"1253",1305,77972,43,2,2,1,2,2,2,2,2,2,7,7,3
"1254",1306,78010,52,1,2,1,1,2,3,2,3,1,1,0,7
"1255",1307,78042,73,2,1,1,2,1,2,1,1,1,7,0,5
"1257",1309,78089,37,1,3,3,2,1,1,1,1,1,6,5,10
"1258",1310,78095,29,2,77,2,2,2,2,2,4,4,2,7,3
"1259",1313,78156,38,2,2,3,2,1,1,1,1,2,3,0,9
"1260",1314,78158,69,2,7,3,2,1,1,1,2,6,4,5,8
"1261",1315,78218,55,1,77,2,2,1,1,2,1,6,7,0,9
"1262",1316,78243,73,2,2,2,2,1,2,1,2,6,3,1,5
"1263",1317,78250,73,2,4,3,2,2,2,1,1,1,2,2,8
"1264",1318,78259,72,1,7,3,2,2,1,1,2,6,4,3,9
"1265",1319,78267,28,2,5,1,1,3,3,3,4,2,5,4,6
"1266",1320,78309,90,2,88,3,2,1,4,1,2,6,7,3,6
"1267",1321,78313,30,1,5,3,2,1,1,1,2,2,5,3,8
"1268",1322,78319,80,2,88,3,2,2,2,2,2,4,2,7,5
"1269",1323,78337,49,1,3,3,2,1,1,1,2,2,7,3,7
"1270",1324,78338,38,1,10,3,2,1,1,1,1,6,3,1,6
"1271",1325,78342,62,1,8,1,2,1,2,2,3,6,2,7,7
"1272",1326,78411,26,1,5,3,2,2,2,2,2,3,2,6,7
"1273",1327,78424,60,1,6,1,1,2,3,2,3,4,3,0,7
"1274",1328,78431,82,1,77,3,2,2,2,2,2,4,2,2,7
"1275",1329,78471,53,2,10,3,2,1,1,1,2,4,2,7,8
"1276",1330,78505,45,1,2,3,2,1,1,1,1,2,7,4,8
"1278",1332,78546,23,1,4,3,1,1,1,1,2,3,2,5,9
"1279",1333,78563,34,1,88,3,2,1,1,1,1,6,7,1,7
"1280",1334,78581,73,1,88,2,2,2,1,1,3,6,7,4,8
"1281",1335,78607,84,2,5,2,1,2,1,2,2,4,3,4,9
"1282",1336,78665,69,1,77,2,2,2,2,2,2,6,7,4,6
"1283",1337,78671,16,2,8,3,2,2,2,1,3,5,4,5,6
"1284",1338,78676,70,1,77,2,2,2,2,1,2,6,2,3,2
"1285",1339,78694,27,2,8,3,2,4,4,1,1,6,4,4,7
"1286",1340,78708,43,2,10,3,2,2,1,2,1,6,2,2,8
"1287",1341,78712,77,1,88,2,2,2,1,1,1,4,3,0,7
"1288",1342,78743,84,2,1,3,2,1,1,1,2,6,3,7,7
"1289",1344,78800,60,2,88,2,1,1,1,1,4,6,2,0,10
"1290",1345,78804,86,1,1,3,2,2,1,1,1,4,7,5,7
"1291",1346,78815,46,1,9,3,1,2,1,2,2,5,6,5,7
"1292",1347,78817,25,2,77,3,2,2,2,1,4,4,7,0,5
"1293",1348,78852,90,2,88,3,2,1,1,1,4,4,7,0,7
"1294",1349,78857,48,2,3,3,1,1,2,1,1,6,6,1,7
"1295",1350,78913,70,2,7,3,2,1,2,1,4,3,2,0,0
"1296",1351,78919,31,1,9,1,2,2,2,2,1,5,2,0,8
"1297",1352,78944,80,1,2,2,2,1,1,1,1,2,1,7,3
"1298",1353,78946,75,2,77,3,2,1,1,1,2,6,7,3,7
"1299",1355,78986,76,2,3,3,2,2,2,1,1,6,3,7,10
"1300",1356,79011,27,2,4,2,1,2,2,1,2,4,5,7,4
"1301",1357,79097,70,1,5,3,2,1,1,1,3,5,2,7,8
"1302",1358,79105,25,1,8,3,2,1,1,1,1,6,7,6,10
"1303",1359,79132,26,2,4,1,1,1,1,2,1,2,7,3,0
"1304",1360,79149,37,1,77,3,2,2,1,1,1,4,2,7,8
"1305",1361,79153,76,2,2,3,1,2,3,1,2,6,6,0,3
"1306",1362,79181,34,1,6,3,2,2,1,2,1,6,5,1,4
"1307",1363,79217,36,1,10,3,8,1,1,1,1,4,2,5,9
"1308",1364,79241,32,2,1,2,2,3,3,2,3,1,5,5,2
"1309",1365,79268,50,1,77,3,2,1,2,1,1,6,3,4,7
"1310",1366,79276,65,2,4,2,2,2,2,1,3,6,2,3,5
"1311",1367,79278,40,2,10,3,2,1,1,1,1,6,4,4,9
"1312",1368,79331,62,1,6,1,1,1,1,1,1,6,3,0,8
"1313",1369,79367,70,2,1,1,2,2,4,3,2,1,7,0,0
"1314",1370,79420,66,2,77,3,1,2,2,1,2,6,3,3,4
"1315",1371,79454,20,1,5,1,2,4,4,4,4,2,5,1,4
"1316",1372,79455,74,1,77,3,2,2,1,1,2,6,1,4,8
"1317",1373,79463,30,2,8,2,2,2,2,2,2,6,7,7,5
"1318",1374,79464,28,2,77,3,2,2,2,1,2,6,3,3,10
"1319",1375,79486,81,1,4,2,2,2,1,2,4,6,1,0,7
"1320",1376,79513,65,1,4,1,2,1,2,2,1,6,7,0,5
"1321",1378,79554,47,1,10,3,1,1,1,1,2,4,2,4,8
"1322",1379,79575,55,2,4,3,2,1,1,1,2,6,4,1,7
"1323",1380,79630,83,1,77,2,2,3,1,2,2,6,6,0,6
"1324",1381,79689,61,2,10,3,2,2,1,1,2,6,2,7,8
"1325",1382,79703,69,1,7,3,2,2,2,2,1,6,2,3,8
"1326",1383,79713,34,1,2,1,2,3,4,4,4,4,4,0,6
"1327",1384,79742,37,1,10,3,2,1,2,1,1,4,2,2,8
"1328",1385,79752,55,1,4,3,2,2,1,1,2,6,7,7,5
"1329",1386,79763,61,2,3,3,2,2,2,1,1,6,1,3,7
"1330",1387,79774,32,1,6,2,2,2,2,2,3,4,5,7,7
"1331",1388,79792,24,2,77,3,1,2,1,1,1,3,3,3,7
"1332",1389,79812,66,2,9,1,2,2,2,1,3,6,2,2,8
"1333",1390,79816,50,2,2,2,2,2,2,1,3,1,7,7,7
"1334",1391,79853,54,1,5,3,2,1,1,1,1,1,1,7,8
"1335",1392,79896,34,1,7,3,2,2,2,1,2,4,4,3,4
"1336",1393,79899,46,2,7,2,1,2,2,1,2,3,3,7,7
"1337",1394,79928,62,2,6,3,2,2,2,1,4,4,3,2,7
"1338",1395,79936,47,2,1,2,2,1,2,3,2,4,7,0,7
"1339",1396,79948,50,1,77,1,2,3,2,4,3,1,7,0,5
"1340",1397,80007,67,1,3,3,2,1,1,1,1,6,2,7,6
"1341",1398,80013,60,1,2,2,1,2,2,2,2,2,6,0,8
"1342",1399,80033,39,1,6,3,2,1,2,1,3,5,3,2,6
"1343",1400,80050,82,1,2,3,2,1,1,1,1,4,2,0,5
"1344",1401,80068,68,2,2,1,1,4,4,4,3,1,7,0,3
"1345",1402,80106,19,1,88,3,2,1,2,1,1,6,7,4,5
"1346",1403,80161,72,2,7,3,2,1,1,1,1,6,5,7,7
"1347",1404,80170,58,2,6,3,1,2,1,1,1,4,7,4,6
"1348",1405,80192,72,2,5,3,1,1,2,1,1,6,4,5,6
"1349",1406,80203,63,2,10,3,2,1,2,1,2,2,2,7,8
"1350",1407,80222,73,1,7,2,2,1,1,1,1,4,2,7,4
"1351",1408,80224,65,2,3,3,2,2,1,1,2,5,6,4,8
"1352",1409,80225,53,2,77,3,2,1,2,1,1,6,5,0,8
"1353",1410,80248,51,2,8,3,2,1,3,2,2,4,3,1,5
"1354",1411,80249,36,1,4,3,2,1,2,1,2,6,3,2,7
"1355",1413,80354,35,2,7,3,2,1,1,1,3,4,6,2,8
"1356",1414,80364,77,2,77,1,1,3,3,3,4,6,7,0,2
"1357",1415,80391,39,1,6,2,1,2,1,1,2,4,2,7,6
"1358",1416,80409,60,1,9,3,2,1,1,1,2,5,2,7,6
"1359",1417,80455,66,2,77,3,2,2,1,1,2,4,3,1,8
"1360",1418,80465,63,2,3,3,2,1,1,1,2,4,4,7,5
"1361",1419,80470,44,2,77,3,2,1,3,1,2,2,2,7,10
"1362",1420,80487,83,2,77,2,2,2,2,2,2,6,7,2,9
"1363",1421,80489,52,2,3,3,2,1,1,1,2,6,7,7,7
"1364",1423,80525,21,2,2,3,2,3,3,2,2,6,7,7,9
"1365",1424,80536,29,2,1,1,2,2,3,3,1,6,1,7,6
"1366",1425,80581,55,2,1,3,2,2,1,1,1,3,7,7,2
"1367",1426,80638,90,1,88,1,2,1,1,1,1,4,4,0,10
"1368",1427,80703,68,1,3,2,2,2,1,2,4,4,7,7,9
"1369",1429,80723,65,2,2,3,2,2,1,1,2,6,6,7,10
"1370",1430,80770,65,1,5,3,2,1,2,1,1,6,3,1,5
"1371",1432,80821,37,1,77,3,1,2,2,1,1,4,6,0,2
"1372",1433,80832,61,1,77,3,2,2,2,1,1,1,3,4,9
"1373",1434,80846,78,1,1,3,1,2,2,2,3,5,5,7,7
"1374",1435,80847,51,1,7,3,2,1,2,1,1,4,7,0,8
"1375",1436,80870,60,1,3,3,2,1,1,1,1,6,3,5,8
"1376",1437,80875,81,2,3,1,2,1,1,2,1,2,7,0,9
"1377",1439,80887,74,1,88,2,2,2,2,2,1,1,6,0,8
"1378",1440,80907,67,1,3,2,1,1,1,2,1,6,7,7,8
"1379",1441,80938,58,1,8,3,2,2,1,1,2,4,1,7,8
"1381",1443,80991,80,1,5,3,2,2,1,1,1,6,1,7,9
"1382",1444,81088,71,2,77,3,2,1,1,1,1,6,7,4,8
"1383",1445,81109,71,2,5,2,2,1,1,1,1,4,7,7,8
"1384",1446,81114,48,1,2,1,2,2,2,2,2,4,3,1,2
"1385",1447,81188,60,1,77,2,2,2,2,2,2,1,4,7,10
"1386",1448,81208,76,1,3,3,1,2,2,1,1,6,2,0,10
"1387",1449,81257,81,2,1,2,2,2,2,2,1,4,7,0,3
"1388",1450,81271,45,2,10,3,2,1,1,1,1,6,2,3,8
"1389",1451,81286,27,2,4,3,1,2,1,1,2,6,7,4,7
"1390",1452,81317,87,2,1,2,2,2,1,1,2,6,7,5,9
"1391",1453,81340,17,1,2,3,2,1,1,1,1,4,7,3,10
"1392",1454,81345,44,2,1,2,2,4,2,1,3,1,1,0,4
"1393",1455,81373,45,1,8,3,2,1,1,1,2,6,2,4,9
"1394",1457,81443,24,2,77,3,2,1,1,1,1,6,7,5,7
"1395",1458,81584,81,2,1,3,2,1,2,1,1,4,6,3,0
"1396",1459,81595,49,1,10,3,2,1,1,1,1,6,7,4,9
"1397",1460,81600,72,2,77,3,2,1,1,1,2,6,3,7,8
"1398",1461,81644,46,1,5,1,2,2,2,2,1,1,4,7,2
"1399",1462,81653,53,2,3,2,2,1,1,1,1,6,7,3,5
"1400",1463,81655,36,1,77,3,2,1,1,1,1,4,2,5,7
"1401",1464,81658,28,1,88,3,2,1,1,1,2,4,7,7,10
"1402",1465,81741,41,2,4,1,1,1,2,1,1,6,4,7,5
"1403",1466,81747,74,1,2,3,2,2,2,2,3,6,7,3,6
"1404",1467,81760,48,1,4,2,2,2,2,2,2,2,1,7,9
"1405",1468,81776,73,1,1,1,1,2,2,2,2,6,6,0,7
"1406",1469,81796,30,2,1,3,2,1,1,1,1,6,6,7,10
"1407",1470,81797,63,1,10,3,1,1,1,1,1,4,4,2,8
"1408",1471,81802,40,1,7,2,2,3,4,2,3,6,2,0,3
"1409",1472,81812,42,2,3,3,1,4,2,1,2,4,4,3,8
"1410",1473,81818,47,1,5,3,1,2,1,3,1,4,3,5,4
"1411",1474,81825,34,2,3,3,1,2,3,2,3,1,4,7,0
"1412",1475,81827,44,1,1,1,1,2,4,2,2,4,6,0,2
"1413",1476,81866,66,1,77,3,2,2,2,1,1,1,2,0,8
"1414",1477,81873,49,2,7,2,2,2,1,1,1,6,3,3,6
"1415",1478,81904,44,2,8,3,2,2,1,2,3,6,6,7,3
"1416",1479,81910,67,1,1,2,2,2,2,2,2,2,7,0,5
"1417",1480,81917,45,2,9,3,2,2,2,1,2,5,3,7,6
"1418",1481,81928,24,1,77,3,2,1,1,1,1,6,4,5,7
"1419",1482,81931,40,1,10,3,2,1,1,1,1,6,4,3,8
"1420",1483,81952,31,2,88,3,2,2,2,2,2,6,7,0,10
"1421",1484,81974,63,1,88,2,2,1,1,1,3,4,4,2,7
"1422",1486,81979,25,2,7,3,2,2,1,2,3,6,2,3,7
"1423",1487,82016,53,1,10,3,2,1,1,1,1,6,6,3,7
"1424",1488,82022,80,2,3,2,2,2,2,1,3,6,6,0,8
"1425",1489,82024,58,2,7,2,2,1,1,1,3,6,6,3,9
"1426",1490,82087,53,1,2,1,2,3,3,3,4,5,2,0,8
"1427",1491,82104,72,2,77,3,1,2,2,4,2,4,6,0,5
"1428",1492,82109,89,2,3,3,2,2,1,1,2,6,5,4,3
"1429",1493,82188,20,1,77,3,2,2,1,2,1,6,4,7,7
"1430",1494,82196,41,2,10,1,2,1,1,1,3,6,5,0,2
"1431",1495,82229,43,1,10,3,1,1,1,1,1,3,2,2,7
"1432",1497,82277,90,2,8,1,2,2,2,2,2,6,1,0,8
"1433",1498,82286,65,1,3,2,2,1,1,1,1,4,3,3,9
"1434",1499,82338,63,1,6,2,2,2,1,1,2,6,2,7,9
"1435",1500,82352,34,1,1,3,1,2,3,3,2,3,4,3,8
"1436",1501,82377,55,1,9,3,1,3,4,3,3,4,2,7,0
"1437",1502,82396,58,1,4,2,2,2,1,1,2,6,4,2,7
"1438",1503,82415,34,1,77,3,2,3,4,1,1,3,6,4,9
"1439",1504,82467,51,1,2,3,2,2,2,1,2,1,1,0,5
"1440",1505,82486,31,2,8,3,2,1,2,2,3,5,4,2,8
"1441",1507,82489,50,2,5,3,2,1,1,1,1,6,2,0,7
"1442",1508,82506,59,1,6,3,2,2,2,2,1,1,4,7,7
"1443",1509,82513,63,2,10,3,2,2,2,3,3,6,7,7,5
"1444",1510,82533,45,1,2,3,2,2,2,1,2,6,7,1,7
"1445",1511,82556,66,1,2,3,2,2,2,1,2,6,4,3,6
"1446",1512,82650,79,1,8,2,2,1,2,1,1,4,2,0,8
"1447",1513,82693,26,2,3,2,2,2,2,2,3,1,6,7,5
"1448",1514,82701,66,1,2,3,2,2,1,1,1,6,4,3,5
"1449",1515,82720,45,1,3,2,2,3,2,3,3,1,7,3,7
"1450",1516,82747,71,2,4,2,1,1,1,1,2,4,7,2,8
"1451",1517,82836,76,2,77,3,2,1,1,1,1,6,7,2,8
"1452",1518,82856,54,2,1,2,2,2,1,1,3,6,2,3,0
"1453",1519,82879,42,2,3,3,2,1,1,1,2,4,7,7,7
"1454",1520,82908,51,2,2,3,2,2,2,4,3,1,1,0,5
"1455",1521,82936,38,2,10,3,2,1,1,1,1,1,2,7,6
"1456",1522,82945,72,1,2,2,2,1,2,1,3,6,7,5,9
"1457",1523,82962,76,2,8,3,2,1,1,1,2,6,7,1,10
"1458",1524,82963,45,1,10,3,2,2,1,1,2,4,2,3,8
"1459",1525,83007,34,1,1,1,1,2,2,3,3,1,6,7,8
"1460",1526,83030,44,1,8,3,2,1,1,1,1,6,4,5,10
"1461",1527,83067,23,1,1,3,1,1,2,2,1,1,7,7,10
"1462",1528,83119,69,2,4,3,2,1,1,1,2,4,4,2,8
"1463",1529,83124,73,2,6,3,2,1,1,1,1,6,7,7,9
"1464",1530,83126,39,1,10,3,1,2,2,1,1,6,3,5,8
"1465",1531,83137,59,2,1,3,1,1,1,1,1,2,7,4,6
"1466",1532,83150,71,2,77,3,2,2,2,1,2,6,6,3,4
"1467",1533,83157,70,1,77,3,2,2,2,1,2,6,3,3,4
"1468",1534,83198,38,2,5,3,2,2,1,1,2,6,6,7,10
"1469",1535,83205,68,1,7,3,2,1,1,1,1,4,3,2,8
"1470",1536,83209,41,2,6,3,2,1,2,1,2,6,2,7,7
"1471",1537,83224,75,2,6,3,2,2,1,2,2,5,2,2,4
"1472",1538,83241,17,2,88,3,2,1,1,1,1,6,5,4,6
"1473",1539,83267,33,1,8,3,2,1,2,1,3,6,7,4,6
"1474",1540,83272,29,2,77,3,2,1,2,1,2,6,4,5,8
"1475",1541,83294,41,2,5,3,2,1,3,2,3,1,5,0,7
"1476",1542,83304,21,2,88,2,1,3,4,3,3,4,2,3,5
"1477",1543,83378,30,2,8,3,2,1,4,1,1,3,7,7,8
"1478",1544,83392,23,1,5,3,2,1,2,2,1,6,4,2,7
"1479",1545,83396,79,2,3,1,2,1,1,1,1,1,1,0,8
"1480",1546,83405,43,2,3,1,2,2,1,1,1,6,4,7,7
"1481",1547,83410,76,1,6,3,2,1,1,1,1,6,3,7,7
"1482",1548,83412,73,2,1,2,2,2,1,1,3,6,2,4,7
"1483",1549,83420,74,2,5,3,2,1,4,1,3,4,5,7,10
"1484",1550,83437,42,2,2,3,2,2,3,2,3,3,7,5,4
"1485",1551,83443,36,2,10,3,2,1,1,1,1,4,6,3,8
"1486",1552,83455,50,1,88,1,1,3,3,2,2,1,3,0,5
"1487",1553,83470,47,2,10,3,2,2,1,1,1,6,3,2,9
"1488",1554,83485,49,2,9,3,2,2,2,1,2,6,3,2,6
"1489",1555,83490,34,1,9,3,2,1,2,1,1,4,6,4,10
"1490",1556,83508,51,1,7,3,1,1,1,1,2,4,7,0,1
"1491",1557,83538,56,1,9,3,2,2,2,2,1,4,3,0,6
"1492",1558,83545,33,2,10,3,2,2,1,2,1,5,3,5,7
"1493",1559,83569,59,1,7,2,1,1,2,1,2,6,7,6,6
"1494",1560,83572,42,2,8,3,2,1,1,1,1,6,7,4,9
"1495",1561,83588,77,1,77,3,2,2,2,2,3,6,7,2,7
"1496",1562,83598,68,1,10,3,2,1,1,1,2,4,2,2,9
"1497",1563,83600,55,1,9,2,2,1,1,1,1,4,7,7,8
"1498",1564,83602,67,1,77,3,2,1,1,1,1,4,2,7,10
"1499",1565,83688,41,2,10,3,1,1,1,1,2,6,4,2,7
"1500",1566,83696,65,1,77,2,2,1,3,1,4,6,3,7,1
"1501",1567,83731,73,1,4,1,2,1,3,1,1,4,1,6,7
"1502",1568,83755,67,2,2,2,2,1,1,1,1,6,7,0,8
"1503",1569,83756,34,2,8,3,2,1,1,1,2,4,6,7,6
"1504",1570,83782,39,1,77,3,2,2,1,1,2,3,4,5,7
"1505",1571,83802,59,1,4,2,2,2,2,1,1,6,3,3,7
"1506",1572,83832,68,2,3,3,1,2,2,2,2,4,2,1,8
"1507",1573,83856,29,1,7,2,2,1,2,1,2,5,2,4,9
"1508",1574,83870,29,2,4,3,2,2,1,2,1,6,7,3,10
"1509",1575,83884,45,1,8,3,2,1,2,1,2,6,2,2,6
"1510",1576,83911,35,2,3,3,2,2,2,1,2,6,7,2,5
"1511",1577,83935,59,1,2,2,1,1,2,1,3,1,7,0,8
"1512",1578,83957,47,1,10,3,2,1,1,1,1,4,2,4,8
"1513",1579,83972,73,1,77,3,2,1,1,1,1,6,3,2,8
"1514",1580,83996,69,1,4,3,2,1,4,1,2,1,1,3,7
"1515",1581,84007,34,2,77,3,2,1,1,1,1,6,7,3,8
"1516",1582,84040,43,2,1,3,2,2,2,2,3,1,6,7,7
"1517",1583,84052,32,1,5,3,2,1,2,1,1,6,2,7,10
"1518",1584,84054,64,2,10,3,2,3,1,1,3,4,2,4,6
"1519",1585,84087,76,2,2,2,2,1,1,1,1,6,5,4,9
"1520",1586,84105,34,1,77,3,2,2,3,3,3,4,7,0,8
"1521",1588,84133,37,1,4,3,2,1,1,1,2,4,7,2,7
"1522",1589,84134,36,2,10,3,2,1,2,1,1,2,3,7,7
"1523",1590,84146,86,2,77,3,2,1,1,1,2,6,6,3,8
"1524",1591,84171,61,1,7,3,1,1,1,1,1,6,2,7,8
"1525",1592,84280,57,2,3,3,2,2,2,1,1,4,4,0,7
"1526",1593,84295,38,1,77,3,2,2,2,1,2,6,7,4,8
"1527",1594,84342,77,1,3,3,2,1,1,1,1,6,7,5,10
"1528",1595,84351,79,1,88,2,1,1,1,1,1,6,2,7,7
"1529",1596,84376,62,2,77,3,2,1,1,1,1,6,7,3,7
"1530",1597,84393,90,1,5,1,1,1,2,2,2,6,7,0,8
"1531",1598,84426,53,1,3,1,1,1,2,2,1,6,7,7,9
"1532",1599,84458,56,2,1,1,1,2,4,2,4,1,1,7,5
"1533",1600,84463,55,1,10,2,2,2,1,2,3,6,7,7,7
"1534",1601,84464,65,2,77,3,2,2,1,1,1,2,6,7,7
"1535",1602,84466,43,1,8,3,2,2,3,2,4,1,1,5,0
"1536",1603,84482,44,1,2,1,2,4,4,2,4,4,6,2,2
"1537",1604,84514,82,2,5,3,1,2,1,1,3,4,6,7,8
"1538",1605,84525,61,2,88,1,1,2,2,3,4,1,7,1,0
"1539",1606,84567,44,1,10,3,1,1,2,1,2,6,4,0,8
"1540",1607,84571,66,1,7,3,2,1,2,1,1,4,2,7,8
"1541",1608,84599,52,1,7,3,1,1,2,1,2,4,2,7,5
"1542",1609,84618,31,2,3,3,2,1,2,1,2,6,7,3,10
"1543",1610,84623,79,2,2,3,1,2,1,1,1,5,2,7,8
"1544",1611,84643,18,2,4,3,2,2,2,2,2,3,6,5,7
"1545",1612,84662,52,1,8,3,2,2,2,2,3,4,4,7,7
"1546",1613,84693,46,2,10,3,1,2,1,1,2,6,7,7,6
"1547",1614,84694,53,2,77,3,2,2,1,2,1,6,3,7,8
"1548",1615,84707,60,2,3,1,2,4,1,1,2,6,3,0,10
"1549",1616,84723,62,2,3,3,2,1,1,1,1,6,7,6,10
"1550",1617,84750,70,1,1,3,1,1,1,1,3,1,2,4,6
"1551",1618,84760,21,1,88,3,2,1,1,1,3,6,7,7,5
"1552",1619,84778,64,1,4,3,2,2,1,1,2,6,2,2,3
"1553",1620,84813,67,2,7,3,2,2,1,1,2,6,3,7,4
"1554",1621,84822,47,1,6,3,2,2,1,2,1,6,7,7,7
"1555",1622,84836,50,2,4,3,2,1,2,1,2,6,7,1,10
"1556",1623,84842,72,2,88,3,2,3,2,3,4,2,7,0,0
"1557",1624,84920,70,2,88,2,2,1,1,1,1,1,1,0,7
"1558",1625,84960,16,1,10,3,2,1,1,1,1,6,6,2,9
"1559",1626,84962,80,2,4,3,1,1,1,1,2,6,6,3,9
"1560",1627,85077,83,2,88,3,2,1,2,2,4,6,1,4,5
"1561",1628,85146,83,2,1,3,1,1,4,1,4,6,5,2,4
"1562",1629,85157,26,2,77,2,1,3,3,3,2,6,7,3,7
"1563",1630,85165,42,1,9,3,2,1,1,1,1,6,4,3,7
"1564",1631,85169,66,1,1,2,2,1,1,1,1,5,7,0,10
"1565",1632,85215,63,2,2,3,2,1,1,1,2,6,3,7,9
"1566",1633,85249,56,1,77,3,2,1,4,1,1,6,7,7,8
"1567",1634,85281,58,2,3,1,1,4,1,4,4,6,6,0,2
"1568",1635,85347,19,1,88,3,2,1,1,1,1,6,7,5,7
"1569",1637,85386,63,2,77,3,1,2,1,1,3,6,5,7,6
"1570",1638,85394,79,1,6,2,1,1,4,2,2,4,4,0,4
"1571",1639,85406,81,1,3,3,2,1,4,1,1,6,2,7,10
"1572",1640,85464,80,1,10,2,2,1,1,1,2,3,1,7,8
"1573",1641,85474,83,1,2,1,2,1,2,1,1,5,3,6,6
"1574",1642,85491,50,1,77,3,2,1,1,1,1,6,6,0,8
"1575",1643,85499,73,1,6,3,2,1,1,1,1,4,2,2,6
"1576",1644,85501,74,1,8,2,2,2,2,2,3,3,1,0,7
"1577",1645,85540,43,2,4,3,2,4,2,3,2,5,2,3,3
"1578",1646,85558,32,1,7,3,2,1,2,2,2,6,3,5,4
"1579",1647,85665,36,2,5,3,2,4,2,2,4,6,3,7,5
"1580",1648,85682,75,1,1,3,2,1,1,1,2,1,5,7,7
"1581",1649,85684,40,1,5,2,1,1,1,1,4,4,7,0,9
"1582",1651,85723,78,1,5,3,2,1,1,1,2,6,2,6,8
"1583",1652,85731,34,1,9,3,1,1,2,1,1,1,2,3,5
"1584",1653,85754,84,2,2,3,2,1,1,1,1,6,7,2,10
"1585",1654,85757,60,1,77,3,2,2,2,1,2,6,3,3,1
"1586",1655,85759,82,2,2,2,2,1,2,1,2,6,7,4,9
"1587",1656,85774,34,2,3,3,2,2,2,1,2,6,4,4,4
"1588",1658,85812,83,1,1,3,2,2,2,2,2,1,1,0,6
"1589",1659,85822,38,1,5,3,2,2,1,1,2,4,6,7,7
"1590",1660,85854,50,2,2,2,1,2,1,2,3,6,7,7,6
"1591",1661,85867,89,2,1,3,2,1,2,1,1,6,3,2,10
"1592",1662,85885,44,2,9,3,2,1,2,1,2,4,2,5,8
"1593",1663,85926,38,1,8,3,1,2,2,2,2,6,7,0,8
"1594",1664,85930,69,1,5,3,1,2,1,1,3,4,2,7,9
"1595",1665,85990,22,1,7,3,2,1,1,2,1,4,2,5,5
"1596",1667,86003,44,2,8,3,2,4,3,3,3,1,2,2,8
"1597",1669,86006,37,2,7,3,2,1,1,1,1,1,7,0,7
"1598",1670,86029,77,2,88,3,2,1,1,1,2,6,3,5,7
"1599",1671,86030,81,1,77,3,2,2,1,2,2,4,2,7,8
"1600",1672,86050,34,1,5,3,2,2,1,1,1,6,7,4,9
"1601",1673,86168,85,1,1,2,2,1,1,1,1,6,7,0,10
"1602",1674,86236,70,1,77,2,1,1,2,1,2,6,7,5,6
"1603",1675,86239,30,1,77,3,2,1,1,1,3,6,5,7,9
"1604",1676,86301,51,2,6,3,2,4,4,4,4,6,3,4,7
"1605",1677,86320,76,1,5,1,2,1,2,1,3,6,5,0,8
"1606",1678,86386,38,1,10,3,2,2,1,1,2,5,2,4,7
"1607",1679,86392,53,2,2,1,1,2,2,2,3,1,6,0,10
"1608",1680,86403,62,2,77,3,2,1,1,1,4,6,7,4,7
"1609",1681,86419,80,1,7,3,2,1,1,1,1,6,2,7,4
"1610",1682,86433,73,1,77,2,2,2,1,1,2,6,7,2,3
"1611",1683,86457,78,2,9,2,2,2,1,2,1,2,1,0,10
"1612",1684,86462,49,1,6,3,2,1,1,1,2,4,3,2,6
